Timestamp,User_ID,IP_Address,Action,Status,System_Name,Service_Change_Ticket
2026-03-08 00:03:37.794475,skumar_it,10.192.209.34,CONFIG_CHANGE,SUCCESS,windows_server_UIC,CHG23303
2026-03-08 00:30:37.794475,jdoe_dev,10.192.114.137,CONFIG_CHANGE,SUCCESS,BT_Application_Server, No_Ticket_Found
2026-03-08 00:35:37.794475,rsharam_hr,10.192.209.34,FILE_ACCESS,SUCCESS,BT_Application_Server,N/A
2026-03-08 00:40:37.794475,skumar_it,10.192.163.22,FILE_ACCESS,SUCCESS,BT_Application_Server,N/A
2026-03-08 01:02:37.794475,admin_vk,10.192.58.96,LOGOUT,SUCCESS,Linux_Nix_Gateway,N/A
2026-03-08 01:14:37.794475,akhan_ops,10.192.91.94,PASSWORD_RESET,SUCCESS,Linux_Nix_Gateway,N/A
2026-03-08 01:23:37.794475,System_Automate,10.192.70.150,LOGOUT,SUCCESS,BT_Application_Server,N/A
2026-03-08 01:23:37.794475,jdoe_dev,10.192.155.82,PASSWORD_RESET,SUCCESS,BT_Application_Server,N/A
2026-03-08 01:38:37.794475,System_Automate,10.192.113.235,PASSWORD_RESET,ERROR,BT_Application_Server,N/A
2026-03-08 01:41:37.794475,admin_vk,10.192.209.34,FILE_ACCESS,SUCCESS,Linux_Nix_Gateway,N/A
2026-03-08 01:41:37.794475,rsharam_hr, 99.99.99.99,LOGIN,SUCCESS,windows_server_UIC,N/A
2026-03-08 01:44:37.794475,admin_vk,10.192.110.127,LOGOUT,ERROR,windows_server_UIC,N/A
2026-03-08 02:04:37.794475,jdoe_dev,10.192.114.137,LOGIN,ERROR,BT_Application_Server,N/A
2026-03-08 02:13:37.794475,System_Automate,10.192.110.127,DB_QUERY,SUCCESS,Linux_Nix_Gateway,N/A
2026-03-08 02:16:37.794475,System_Automate,10.192.110.127,CONFIG_CHANGE,SUCCESS,Linux_Nix_Gateway,CHG70875
2026-03-08 02:27:37.794475,jdoe_dev,10.192.195.157,FILE_ACCESS,SUCCESS,Linux_Nix_Gateway,N/A
2026-03-08 02:39:37.794475,admin_vk,10.192.44.200,PASSWORD_RESET,SUCCESS,Linux_Nix_Gateway,N/A
2026-03-08 02:41:37.794475,rsharam_hr,10.192.209.34,PASSWORD_RESET,SUCCESS,windows_server_UIC,N/A
2026-03-08 02:53:37.794475,admin_vk,10.192.114.137,PASSWORD_RESET,ERROR,windows_server_UIC,N/A
2026-03-08 02:53:37.794475,jdoe_dev,10.192.76.189,LOGIN,ERROR,windows_server_UIC,N/A
2026-03-08 03:13:37.794475,rsharam_hr,10.192.163.22,DB_QUERY,SUCCESS,BT_Application_Server,N/A
2026-03-08 03:21:37.794475,jdoe_dev,10.192.114.137,PASSWORD_RESET,SUCCESS,Linux_Nix_Gateway,N/A
2026-03-08 03:35:37.794475,skumar_it,10.192.137.14,CONFIG_CHANGE,SUCCESS,Linux_Nix_Gateway, No_Ticket_Found
2026-03-08 03:58:37.794475,skumar_it,10.192.58.96,CONFIG_CHANGE,SUCCESS,BT_Application_Server, No_Ticket_Found
2026-03-08 04:04:37.794475,jdoe_dev,10.192.70.150,PASSWORD_RESET,SUCCESS,Linux_Nix_Gateway,N/A
2026-03-08 04:22:37.794475,akhan_ops,10.192.74.27,LOGIN,SUCCESS,windows_server_UIC,N/A
2026-03-08 04:25:37.794475,System_Automate,10.192.29.56,LOGOUT,SUCCESS,BT_Application_Server,N/A
2026-03-08 04:29:37.794475,skumar_it,10.192.57.137,FILE_ACCESS,SUCCESS,windows_server_UIC,N/A
2026-03-08 04:31:37.794475,admin_vk,10.192.72.72,DB_QUERY,ERROR,windows_server_UIC,N/A
2026-03-08 04:38:37.794475,jdoe_dev,10.192.72.72,FILE_ACCESS,ERROR,BT_Application_Server,N/A
2026-03-08 04:46:37.794475,akhan_ops,10.192.149.118,FILE_ACCESS,SUCCESS,BT_Application_Server,N/A
2026-03-08 05:00:37.794475,skumar_it,10.192.76.189,LOGOUT,SUCCESS,BT_Application_Server,N/A
2026-03-08 05:03:37.794475,akhan_ops,10.192.44.200,LOGOUT,SUCCESS,BT_Application_Server,N/A
2026-03-08 05:05:37.794475,System_Automate,10.192.44.200,DB_QUERY,SUCCESS,Linux_Nix_Gateway,N/A
2026-03-08 05:09:37.794475,rsharam_hr,10.192.70.150,LOGOUT,ERROR,Linux_Nix_Gateway,N/A
2026-03-08 05:12:37.794475,admin_vk,10.192.44.200,DB_QUERY,SUCCESS,BT_Application_Server,N/A
2026-03-08 05:26:37.794475,akhan_ops,10.192.72.72,LOGIN,SUCCESS,Linux_Nix_Gateway,N/A
2026-03-08 05:32:37.794475,rsharam_hr, 99.99.99.99,LOGIN,SUCCESS,BT_Application_Server,N/A
2026-03-08 06:01:37.794475,jdoe_dev,10.192.114.137,PASSWORD_RESET,ERROR,windows_server_UIC,N/A
2026-03-08 06:07:37.794475,admin_vk,10.192.76.189,CONFIG_CHANGE,ERROR,BT_Application_Server,CHG77224
2026-03-08 06:07:37.794475,admin_vk,10.192.70.150,DB_QUERY,SUCCESS,BT_Application_Server,N/A
2026-03-08 06:27:37.794475,skumar_it,10.192.58.96,CONFIG_CHANGE,SUCCESS,Linux_Nix_Gateway, No_Ticket_Found
2026-03-08 06:35:37.794475,skumar_it,10.192.58.96,LOGIN,SUCCESS,windows_server_UIC,N/A
2026-03-08 06:55:37.794475,System_Automate,10.192.163.22,FILE_ACCESS,ERROR,windows_server_UIC,N/A
2026-03-08 06:57:37.794475,skumar_it,10.192.149.118,PASSWORD_RESET,SUCCESS,BT_Application_Server,N/A
2026-03-08 07:02:37.794475,rsharam_hr,10.192.57.137,DB_QUERY,SUCCESS,windows_server_UIC,N/A
2026-03-08 07:08:37.794475,rsharam_hr, 99.99.99.99,LOGIN,SUCCESS,BT_Application_Server,N/A
2026-03-08 07:10:37.794475,System_Automate,10.192.76.189,DB_QUERY,SUCCESS,BT_Application_Server,N/A
2026-03-08 07:18:37.794475,admin_vk,10.192.76.189,LOGIN,SUCCESS,windows_server_UIC,N/A
2026-03-08 08:48:37.794475,System_Automate,10.192.137.14,FILE_ACCESS,SUCCESS,Linux_Nix_Gateway,N/A
2026-03-08 09:09:37.794475,skumar_it,10.192.149.118,LOGOUT,SUCCESS,Linux_Nix_Gateway,N/A
2026-03-08 09:20:37.794475,akhan_ops,10.192.114.137,LOGIN,SUCCESS,Linux_Nix_Gateway,N/A
2026-03-08 09:54:37.794475,admin_vk,10.192.195.157,FILE_ACCESS,SUCCESS,BT_Application_Server,N/A
2026-03-08 10:19:37.794475,jdoe_dev,10.192.137.14,LOGIN,SUCCESS,windows_server_UIC,N/A
2026-03-08 10:34:37.794475,jdoe_dev,10.192.74.27,LOGOUT,ERROR,Linux_Nix_Gateway,N/A
2026-03-08 10:41:37.794475,akhan_ops,10.192.19.68,LOGIN,ERROR,BT_Application_Server,N/A
2026-03-08 11:15:37.794475,System_Automate,10.192.137.14,DB_QUERY,SUCCESS,Linux_Nix_Gateway,N/A
2026-03-08 11:17:37.794475,admin_vk,10.192.70.150,CONFIG_CHANGE,SUCCESS,Linux_Nix_Gateway,CHG73557
2026-03-08 11:56:37.794475,skumar_it,10.192.19.68,LOGIN,SUCCESS,windows_server_UIC,N/A
2026-03-08 12:04:37.794475,rsharam_hr,10.192.114.137,FILE_ACCESS,SUCCESS,BT_Application_Server,N/A
2026-03-08 12:10:37.794475,rsharam_hr,10.192.72.72,LOGOUT,ERROR,windows_server_UIC,N/A
2026-03-08 12:45:37.794475,admin_vk,10.192.19.68,FILE_ACCESS,SUCCESS,BT_Application_Server,N/A
2026-03-08 12:54:37.794475,rsharam_hr,10.192.209.34,PASSWORD_RESET,SUCCESS,Linux_Nix_Gateway,N/A
2026-03-08 13:10:37.794475,skumar_it,10.192.155.82,PASSWORD_RESET,ERROR,BT_Application_Server,N/A
2026-03-08 13:21:37.794475,akhan_ops,10.192.33.161,FILE_ACCESS,SUCCESS,BT_Application_Server,N/A
2026-03-08 13:34:37.794475,skumar_it,10.192.57.137,CONFIG_CHANGE,SUCCESS,Linux_Nix_Gateway,CHG33349
2026-03-08 14:28:37.794475,admin_vk,10.192.113.235,LOGIN,SUCCESS,Linux_Nix_Gateway,N/A
2026-03-08 14:30:37.794475,rsharam_hr,10.192.58.96,CONFIG_CHANGE,SUCCESS,Linux_Nix_Gateway, No_Ticket_Found
2026-03-08 14:33:37.794475,skumar_it,10.192.91.94,DB_QUERY,ERROR,BT_Application_Server,N/A
2026-03-08 14:47:37.794475,skumar_it,10.192.44.200,CONFIG_CHANGE,ERROR,BT_Application_Server, No_Ticket_Found
2026-03-08 14:55:37.794475,System_Automate,10.192.19.68,PASSWORD_RESET,SUCCESS,windows_server_UIC,N/A
2026-03-08 14:56:37.794475,akhan_ops,10.192.113.235,PASSWORD_RESET,SUCCESS,BT_Application_Server,N/A
2026-03-08 15:48:37.794475,System_Automate,10.192.58.96,DB_QUERY,ERROR,Linux_Nix_Gateway,N/A
2026-03-08 15:48:37.794475,jdoe_dev,10.192.195.157,FILE_ACCESS,ERROR,windows_server_UIC,N/A
2026-03-08 15:50:37.794475,System_Automate,10.192.209.34,FILE_ACCESS,SUCCESS,Linux_Nix_Gateway,N/A
2026-03-08 15:51:37.794475,skumar_it,10.192.163.22,DB_QUERY,SUCCESS,windows_server_UIC,N/A
2026-03-08 15:54:37.794475,rsharam_hr,10.192.70.150,LOGOUT,ERROR,Linux_Nix_Gateway,N/A
2026-03-08 16:12:37.794475,jdoe_dev,10.192.29.56,PASSWORD_RESET,ERROR,windows_server_UIC,N/A
2026-03-08 16:12:37.794475,System_Automate,10.192.155.82,FILE_ACCESS,SUCCESS,Linux_Nix_Gateway,N/A
2026-03-08 16:18:37.794475,akhan_ops,10.192.195.157,CONFIG_CHANGE,SUCCESS,BT_Application_Server,CHG95823
2026-03-08 16:43:37.794475,jdoe_dev,10.192.19.68,LOGIN,ERROR,Linux_Nix_Gateway,N/A
2026-03-08 17:13:37.794475,admin_vk,10.192.74.27,LOGIN,ERROR,Linux_Nix_Gateway,N/A
2026-03-08 17:53:37.794475,skumar_it,10.192.33.161,LOGOUT,SUCCESS,windows_server_UIC,N/A
2026-03-08 17:57:37.794475,System_Automate,10.192.137.14,PASSWORD_RESET,SUCCESS,windows_server_UIC,N/A
2026-03-08 17:58:37.794475,akhan_ops,10.192.58.96,LOGIN,SUCCESS,BT_Application_Server,N/A
2026-03-08 18:03:37.794475,System_Automate,10.192.74.27,CONFIG_CHANGE,SUCCESS,Linux_Nix_Gateway,CHG50991
2026-03-08 18:14:37.794475,admin_vk,10.192.44.200,PASSWORD_RESET,SUCCESS,Linux_Nix_Gateway,N/A
2026-03-08 18:17:37.794475,akhan_ops,10.192.76.189,LOGIN,SUCCESS,windows_server_UIC,N/A
2026-03-08 18:35:37.794475,admin_vk,10.192.19.68,CONFIG_CHANGE,SUCCESS,Linux_Nix_Gateway, No_Ticket_Found
2026-03-08 18:44:37.794475,akhan_ops,10.192.58.96,LOGOUT,SUCCESS,windows_server_UIC,N/A
2026-03-08 18:45:37.794475,skumar_it,10.192.91.94,LOGIN,SUCCESS,windows_server_UIC,N/A
2026-03-08 19:18:37.794475,rsharam_hr,10.192.114.137,FILE_ACCESS,SUCCESS,Linux_Nix_Gateway,N/A
2026-03-08 19:31:37.794475,System_Automate,10.192.72.72,DB_QUERY,ERROR,Linux_Nix_Gateway,N/A
2026-03-08 19:41:37.794475,skumar_it,10.192.58.96,LOGOUT,SUCCESS,BT_Application_Server,N/A
2026-03-08 19:42:37.794475,rsharam_hr,10.192.72.72,CONFIG_CHANGE,SUCCESS,Linux_Nix_Gateway,CHG95049
2026-03-08 19:44:37.794475,akhan_ops,10.192.58.96,DB_QUERY,SUCCESS,Linux_Nix_Gateway,N/A
2026-03-08 19:59:37.794475,admin_vk,10.192.91.94,LOGIN,SUCCESS,windows_server_UIC,N/A
2026-03-08 20:17:37.794475,rsharam_hr,10.192.58.96,FILE_ACCESS,SUCCESS,BT_Application_Server,N/A
2026-03-08 20:51:37.794475,admin_vk,10.192.195.157,CONFIG_CHANGE,ERROR,windows_server_UIC,CHG12727
2026-03-08 21:08:37.794475,jdoe_dev,10.192.195.157,LOGOUT,SUCCESS,windows_server_UIC,N/A
2026-03-08 21:08:37.794475,akhan_ops,10.192.195.157,DB_QUERY,SUCCESS,Linux_Nix_Gateway,N/A
2026-03-08 21:21:37.794475,akhan_ops,10.192.91.94,FILE_ACCESS,SUCCESS,BT_Application_Server,N/A
2026-03-08 21:29:37.794475,jdoe_dev,10.192.91.94,LOGIN,ERROR,BT_Application_Server,N/A
2026-03-08 21:46:37.794475,skumar_it,10.192.29.56,LOGOUT,SUCCESS,BT_Application_Server,N/A
2026-03-08 21:46:37.794475,admin_vk,10.192.137.14,LOGOUT,SUCCESS,windows_server_UIC,N/A
2026-03-08 21:58:37.794475,skumar_it,10.192.149.118,PASSWORD_RESET,SUCCESS,windows_server_UIC,N/A
2026-03-08 21:58:37.794475,jdoe_dev,10.192.74.27,CONFIG_CHANGE,SUCCESS,windows_server_UIC,CHG33076
2026-03-08 22:05:37.794475,admin_vk,10.192.114.137,FILE_ACCESS,SUCCESS,Linux_Nix_Gateway,N/A
2026-03-08 22:32:37.794475,System_Automate,10.192.57.137,PASSWORD_RESET,SUCCESS,windows_server_UIC,N/A
2026-03-08 22:38:37.794475,System_Automate,10.192.29.56,LOGOUT,ERROR,Linux_Nix_Gateway,N/A
2026-03-08 23:14:37.794475,admin_vk,10.192.91.94,DB_QUERY,SUCCESS,windows_server_UIC,N/A
2026-03-08 23:22:37.794475,System_Automate,10.192.195.157,DB_QUERY,ERROR,windows_server_UIC,N/A
2026-03-08 23:59:37.794475,jdoe_dev,10.192.72.72,PASSWORD_RESET,SUCCESS,Linux_Nix_Gateway,N/A
2026-03-09 00:09:37.794475,akhan_ops,10.192.76.189,CONFIG_CHANGE,SUCCESS,windows_server_UIC,CHG41237
2026-03-09 00:31:37.794475,jdoe_dev,10.192.155.82,LOGOUT,SUCCESS,windows_server_UIC,N/A
2026-03-09 01:05:37.794475,admin_vk,10.192.149.118,DB_QUERY,SUCCESS,windows_server_UIC,N/A
2026-03-09 01:08:37.794475,rsharam_hr,10.192.57.137,DB_QUERY,SUCCESS,Linux_Nix_Gateway,N/A
2026-03-09 01:16:37.794475,akhan_ops,10.192.76.189,CONFIG_CHANGE,SUCCESS,BT_Application_Server,CHG96112
2026-03-09 01:46:37.794475,rsharam_hr,10.192.149.118,FILE_ACCESS,SUCCESS,Linux_Nix_Gateway,N/A
2026-03-09 01:54:37.794475,System_Automate,10.192.195.157,DB_QUERY,SUCCESS,windows_server_UIC,N/A
2026-03-09 01:56:37.794475,System_Automate,10.192.72.72,FILE_ACCESS,SUCCESS,Linux_Nix_Gateway,N/A
2026-03-09 01:58:37.794475,akhan_ops,10.192.113.235,CONFIG_CHANGE,SUCCESS,BT_Application_Server,CHG71952
2026-03-09 02:07:37.794475,rsharam_hr,10.192.58.96,CONFIG_CHANGE,SUCCESS,Linux_Nix_Gateway, No_Ticket_Found
2026-03-09 02:17:37.794475,rsharam_hr,10.192.58.96,PASSWORD_RESET,SUCCESS,windows_server_UIC,N/A
2026-03-09 02:27:37.794475,System_Automate,10.192.57.137,FILE_ACCESS,SUCCESS,Linux_Nix_Gateway,N/A
2026-03-09 02:35:37.794475,jdoe_dev,10.192.19.68,LOGIN,SUCCESS,windows_server_UIC,N/A
2026-03-09 02:38:37.794475,admin_vk,10.192.149.118,PASSWORD_RESET,SUCCESS,Linux_Nix_Gateway,N/A
2026-03-09 02:43:37.794475,jdoe_dev,10.192.57.137,LOGIN,ERROR,Linux_Nix_Gateway,N/A
2026-03-09 03:04:37.794475,admin_vk,10.192.72.72,FILE_ACCESS,SUCCESS,BT_Application_Server,N/A
2026-03-09 03:15:37.794475,skumar_it,10.192.44.200,FILE_ACCESS,SUCCESS,BT_Application_Server,N/A
2026-03-09 03:47:37.794475,akhan_ops,10.192.114.137,CONFIG_CHANGE,ERROR,windows_server_UIC,CHG32262
2026-03-09 04:24:37.794475,akhan_ops,10.192.76.189,PASSWORD_RESET,SUCCESS,windows_server_UIC,N/A
2026-03-09 04:28:37.794475,jdoe_dev,10.192.70.150,CONFIG_CHANGE,ERROR,windows_server_UIC,CHG45700
2026-03-09 04:33:37.794475,skumar_it,10.192.57.137,CONFIG_CHANGE,SUCCESS,Linux_Nix_Gateway, No_Ticket_Found
2026-03-09 04:37:37.794475,skumar_it,10.192.163.22,DB_QUERY,SUCCESS,windows_server_UIC,N/A
2026-03-09 04:39:37.794475,skumar_it,10.192.195.157,DB_QUERY,SUCCESS,Linux_Nix_Gateway,N/A
2026-03-09 04:46:37.794475,System_Automate,10.192.209.34,LOGIN,ERROR,Linux_Nix_Gateway,N/A
2026-03-09 04:53:37.794475,rsharam_hr,10.192.149.118,CONFIG_CHANGE,SUCCESS,Linux_Nix_Gateway, No_Ticket_Found
2026-03-09 05:39:37.794475,System_Automate,10.192.110.127,LOGOUT,SUCCESS,Linux_Nix_Gateway,N/A
2026-03-09 05:59:37.794475,admin_vk,10.192.57.137,CONFIG_CHANGE,SUCCESS,windows_server_UIC, No_Ticket_Found
2026-03-09 06:03:37.794475,rsharam_hr,10.192.76.189,PASSWORD_RESET,ERROR,Linux_Nix_Gateway,N/A
2026-03-09 06:32:37.794475,jdoe_dev,10.192.195.157,LOGIN,ERROR,Linux_Nix_Gateway,N/A
2026-03-09 06:32:37.794475,admin_vk,10.192.113.235,LOGIN,SUCCESS,windows_server_UIC,N/A
2026-03-09 06:58:37.794475,admin_vk,10.192.19.68,FILE_ACCESS,SUCCESS,BT_Application_Server,N/A
2026-03-09 07:15:37.794475,akhan_ops,10.192.44.200,LOGOUT,ERROR,windows_server_UIC,N/A
2026-03-09 07:29:37.794475,jdoe_dev,10.192.44.200,PASSWORD_RESET,ERROR,windows_server_UIC,N/A
2026-03-09 07:38:37.794475,System_Automate,10.192.137.14,FILE_ACCESS,SUCCESS,windows_server_UIC,N/A
2026-03-09 07:57:37.794475,admin_vk,10.192.209.34,PASSWORD_RESET,SUCCESS,Linux_Nix_Gateway,N/A
2026-03-09 08:08:37.794475,akhan_ops,10.192.29.56,LOGOUT,SUCCESS,Linux_Nix_Gateway,N/A
2026-03-09 08:17:37.794475,skumar_it,10.192.70.150,FILE_ACCESS,ERROR,Linux_Nix_Gateway,N/A
2026-03-09 08:20:37.794475,akhan_ops,10.192.163.22,DB_QUERY,SUCCESS,Linux_Nix_Gateway,N/A
2026-03-09 08:22:37.794475,admin_vk,10.192.110.127,FILE_ACCESS,SUCCESS,Linux_Nix_Gateway,N/A
2026-03-09 09:02:37.794475,admin_vk,10.192.57.137,LOGIN,SUCCESS,windows_server_UIC,N/A
2026-03-09 09:04:37.794475,jdoe_dev,10.192.19.68,PASSWORD_RESET,SUCCESS,BT_Application_Server,N/A
2026-03-09 09:19:37.794475,skumar_it,10.192.149.118,CONFIG_CHANGE,SUCCESS,Linux_Nix_Gateway, No_Ticket_Found
2026-03-09 09:58:37.794475,jdoe_dev,10.192.19.68,PASSWORD_RESET,SUCCESS,Linux_Nix_Gateway,N/A
2026-03-09 10:00:37.794475,skumar_it,10.192.29.56,CONFIG_CHANGE,SUCCESS,BT_Application_Server,CHG13869
2026-03-09 10:08:37.794475,admin_vk,10.192.72.72,LOGIN,SUCCESS,Linux_Nix_Gateway,N/A
2026-03-09 10:10:37.794475,jdoe_dev,10.192.76.189,FILE_ACCESS,SUCCESS,Linux_Nix_Gateway,N/A
2026-03-09 10:10:37.794475,jdoe_dev,10.192.29.56,FILE_ACCESS,ERROR,Linux_Nix_Gateway,N/A
2026-03-09 10:26:37.794475,jdoe_dev,10.192.195.157,PASSWORD_RESET,SUCCESS,windows_server_UIC,N/A
2026-03-09 10:27:37.794475,admin_vk,10.192.29.56,CONFIG_CHANGE,ERROR,Linux_Nix_Gateway, No_Ticket_Found
2026-03-09 10:31:37.794475,rsharam_hr,10.192.72.72,LOGOUT,SUCCESS,BT_Application_Server,N/A
2026-03-09 10:45:37.794475,akhan_ops,10.192.74.27,LOGOUT,SUCCESS,BT_Application_Server,N/A
2026-03-09 10:55:37.794475,skumar_it,10.192.29.56,CONFIG_CHANGE,SUCCESS,Linux_Nix_Gateway, No_Ticket_Found
2026-03-09 10:56:37.794475,rsharam_hr,10.192.137.14,DB_QUERY,SUCCESS,BT_Application_Server,N/A
2026-03-09 11:04:37.794475,skumar_it,10.192.33.161,DB_QUERY,SUCCESS,BT_Application_Server,N/A
2026-03-09 11:13:37.794475,rsharam_hr,10.192.137.14,CONFIG_CHANGE,SUCCESS,BT_Application_Server,CHG26038
2026-03-09 11:18:37.794475,akhan_ops,10.192.114.137,LOGIN,SUCCESS,windows_server_UIC,N/A
2026-03-09 11:43:37.794475,skumar_it,10.192.163.22,DB_QUERY,SUCCESS,BT_Application_Server,N/A
2026-03-09 11:45:37.794475,skumar_it,10.192.76.189,CONFIG_CHANGE,ERROR,Linux_Nix_Gateway,CHG15861
2026-03-09 11:54:37.794475,akhan_ops,10.192.155.82,LOGIN,SUCCESS,BT_Application_Server,N/A
2026-03-09 12:03:37.794475,System_Automate,10.192.76.189,PASSWORD_RESET,SUCCESS,BT_Application_Server,N/A
2026-03-09 12:08:37.794475,System_Automate,10.192.209.34,LOGIN,SUCCESS,Linux_Nix_Gateway,N/A
2026-03-09 12:10:37.794475,jdoe_dev,10.192.74.27,FILE_ACCESS,SUCCESS,windows_server_UIC,N/A
2026-03-09 12:36:37.794475,admin_vk,10.192.33.161,CONFIG_CHANGE,SUCCESS,windows_server_UIC, No_Ticket_Found
2026-03-09 12:42:37.794475,akhan_ops,10.192.163.22,DB_QUERY,ERROR,windows_server_UIC,N/A
2026-03-09 12:45:37.794475,jdoe_dev,10.192.149.118,DB_QUERY,SUCCESS,BT_Application_Server,N/A
2026-03-09 12:51:37.794475,skumar_it,10.192.76.189,LOGIN,SUCCESS,BT_Application_Server,N/A
2026-03-09 12:51:37.794475,akhan_ops,10.192.44.200,FILE_ACCESS,SUCCESS,windows_server_UIC,N/A
2026-03-09 13:11:37.794475,jdoe_dev,10.192.137.14,LOGIN,SUCCESS,Linux_Nix_Gateway,N/A
2026-03-09 13:14:37.794475,akhan_ops,10.192.137.14,PASSWORD_RESET,SUCCESS,Linux_Nix_Gateway,N/A
2026-03-09 13:15:37.794475,skumar_it,10.192.76.189,LOGOUT,SUCCESS,Linux_Nix_Gateway,N/A
2026-03-09 13:40:37.794475,akhan_ops,10.192.91.94,FILE_ACCESS,SUCCESS,BT_Application_Server,N/A
2026-03-09 13:48:37.794475,skumar_it,10.192.29.56,LOGOUT,SUCCESS,BT_Application_Server,N/A
2026-03-09 13:58:37.794475,akhan_ops,10.192.91.94,FILE_ACCESS,SUCCESS,Linux_Nix_Gateway,N/A
2026-03-09 14:04:37.794475,skumar_it,10.192.155.82,DB_QUERY,SUCCESS,BT_Application_Server,N/A
2026-03-09 14:09:37.794475,akhan_ops,10.192.91.94,PASSWORD_RESET,SUCCESS,windows_server_UIC,N/A
2026-03-09 14:10:37.794475,admin_vk,10.192.91.94,CONFIG_CHANGE,SUCCESS,windows_server_UIC, No_Ticket_Found
2026-03-09 14:20:37.794475,admin_vk,10.192.163.22,LOGIN,SUCCESS,windows_server_UIC,N/A
2026-03-09 14:25:37.794475,System_Automate,10.192.209.34,LOGOUT,SUCCESS,BT_Application_Server,N/A
2026-03-09 14:32:37.794475,System_Automate,10.192.57.137,DB_QUERY,SUCCESS,windows_server_UIC,N/A
2026-03-09 14:48:37.794475,System_Automate,10.192.113.235,FILE_ACCESS,SUCCESS,windows_server_UIC,N/A
2026-03-09 14:52:37.794475,jdoe_dev,10.192.209.34,CONFIG_CHANGE,ERROR,BT_Application_Server, No_Ticket_Found
2026-03-09 15:36:37.794475,akhan_ops,10.192.163.22,PASSWORD_RESET,ERROR,windows_server_UIC,N/A
2026-03-09 15:37:37.794475,skumar_it,10.192.195.157,DB_QUERY,SUCCESS,BT_Application_Server,N/A
2026-03-09 15:43:37.794475,admin_vk,10.192.110.127,CONFIG_CHANGE,SUCCESS,Linux_Nix_Gateway, No_Ticket_Found
2026-03-09 16:05:37.794475,System_Automate,10.192.110.127,LOGOUT,SUCCESS,Linux_Nix_Gateway,N/A
2026-03-09 16:26:37.794475,admin_vk,10.192.76.189,FILE_ACCESS,SUCCESS,BT_Application_Server,N/A
2026-03-09 16:53:37.794475,System_Automate,10.192.33.161,DB_QUERY,SUCCESS,BT_Application_Server,N/A
2026-03-09 17:00:37.794475,akhan_ops,10.192.76.189,LOGIN,ERROR,BT_Application_Server,N/A
2026-03-09 17:15:37.794475,akhan_ops,10.192.113.235,FILE_ACCESS,SUCCESS,BT_Application_Server,N/A
2026-03-09 17:21:37.794475,jdoe_dev,10.192.149.118,CONFIG_CHANGE,SUCCESS,Linux_Nix_Gateway,CHG65938
2026-03-09 17:29:37.794475,jdoe_dev,10.192.137.14,LOGIN,ERROR,windows_server_UIC,CHG91196
2026-03-09 17:30:37.794475,akhan_ops,10.192.149.118,DB_QUERY,SUCCESS,BT_Application_Server,N/A
2026-03-09 17:31:37.794475,akhan_ops,10.192.70.150,LOGIN,ERROR,BT_Application_Server,N/A
2026-03-09 17:39:37.794475,jdoe_dev,10.192.76.189,PASSWORD_RESET,ERROR,Linux_Nix_Gateway,N/A
2026-03-09 18:08:37.794475,akhan_ops,10.192.163.22,LOGOUT,ERROR,windows_server_UIC,N/A
2026-03-09 18:20:37.794475,skumar_it,10.192.33.161,PASSWORD_RESET,ERROR,windows_server_UIC,N/A
2026-03-09 18:21:37.794475,System_Automate,10.192.91.94,FILE_ACCESS,SUCCESS,windows_server_UIC,N/A
2026-03-09 18:27:37.794475,admin_vk,10.192.57.137,PASSWORD_RESET,SUCCESS,Linux_Nix_Gateway,N/A
2026-03-09 18:29:37.794475,akhan_ops,10.192.91.94,LOGIN,SUCCESS,windows_server_UIC,N/A
2026-03-09 18:46:37.794475,admin_vk,10.192.29.56,LOGIN,SUCCESS,windows_server_UIC,N/A
2026-03-09 18:54:37.794475,akhan_ops,10.192.70.150,CONFIG_CHANGE,SUCCESS,Linux_Nix_Gateway,CHG44372
2026-03-09 18:56:37.794475,skumar_it,10.192.74.27,PASSWORD_RESET,SUCCESS,BT_Application_Server,N/A
2026-03-09 19:09:37.794475,akhan_ops,10.192.72.72,FILE_ACCESS,SUCCESS,Linux_Nix_Gateway,N/A
2026-03-09 19:20:37.794475,admin_vk,10.192.114.137,LOGIN,SUCCESS,BT_Application_Server,N/A
2026-03-09 19:23:37.794475,akhan_ops,10.192.33.161,DB_QUERY,SUCCESS,BT_Application_Server,N/A
2026-03-09 19:31:37.794475,admin_vk,10.192.137.14,PASSWORD_RESET,SUCCESS,BT_Application_Server,N/A
2026-03-09 19:42:37.794475,System_Automate,10.192.155.82,LOGIN,SUCCESS,windows_server_UIC,N/A
2026-03-09 19:53:37.794475,rsharam_hr,10.192.114.137,PASSWORD_RESET,SUCCESS,BT_Application_Server,N/A
2026-03-09 20:01:37.794475,skumar_it,10.192.110.127,PASSWORD_RESET,SUCCESS,BT_Application_Server,N/A
2026-03-09 20:29:37.794475,System_Automate,10.192.209.34,PASSWORD_RESET,SUCCESS,windows_server_UIC,N/A
2026-03-09 20:49:37.794475,admin_vk,10.192.209.34,DB_QUERY,ERROR,windows_server_UIC,N/A
2026-03-09 20:55:37.794475,rsharam_hr,10.192.91.94,LOGOUT,SUCCESS,windows_server_UIC,N/A
2026-03-09 20:55:37.794475,admin_vk,10.192.113.235,PASSWORD_RESET,SUCCESS,windows_server_UIC,N/A
2026-03-09 21:10:37.794475,System_Automate,10.192.72.72,DB_QUERY,ERROR,windows_server_UIC,N/A
2026-03-09 21:12:37.794475,jdoe_dev,10.192.110.127,PASSWORD_RESET,ERROR,Linux_Nix_Gateway,N/A
2026-03-09 21:12:37.794475,admin_vk,10.192.155.82,PASSWORD_RESET,ERROR,BT_Application_Server,N/A
2026-03-09 21:12:37.794475,akhan_ops,10.192.91.94,FILE_ACCESS,SUCCESS,windows_server_UIC,N/A
2026-03-09 21:48:37.794475,admin_vk,10.192.114.137,FILE_ACCESS,ERROR,BT_Application_Server,N/A
2026-03-09 21:58:37.794475,akhan_ops,10.192.163.22,CONFIG_CHANGE,SUCCESS,Linux_Nix_Gateway, No_Ticket_Found
2026-03-09 22:02:37.794475,admin_vk,10.192.58.96,CONFIG_CHANGE,SUCCESS,windows_server_UIC, No_Ticket_Found
2026-03-09 22:08:37.794475,jdoe_dev,10.192.44.200,DB_QUERY,SUCCESS,windows_server_UIC,N/A
2026-03-09 22:13:37.794475,jdoe_dev,10.192.58.96,LOGIN,SUCCESS,Linux_Nix_Gateway,N/A
2026-03-09 22:27:37.794475,jdoe_dev,10.192.70.150,LOGIN,ERROR,BT_Application_Server,N/A
2026-03-09 22:30:37.794475,jdoe_dev,10.192.163.22,FILE_ACCESS,SUCCESS,Linux_Nix_Gateway,N/A
2026-03-09 22:37:37.794475,System_Automate,10.192.91.94,CONFIG_CHANGE,SUCCESS,BT_Application_Server,CHG76203
2026-03-09 22:57:37.794475,rsharam_hr,10.192.163.22,LOGOUT,SUCCESS,windows_server_UIC,N/A
2026-03-09 23:09:37.794475,akhan_ops,10.192.72.72,CONFIG_CHANGE,SUCCESS,windows_server_UIC, No_Ticket_Found
2026-03-09 23:10:37.794475,rsharam_hr,10.192.163.22,CONFIG_CHANGE,SUCCESS,BT_Application_Server, No_Ticket_Found
2026-03-09 23:23:37.794475,jdoe_dev,10.192.137.14,PASSWORD_RESET,ERROR,BT_Application_Server,N/A
2026-03-09 23:28:37.794475,skumar_it,10.192.113.235,LOGOUT,SUCCESS,windows_server_UIC,N/A
2026-03-09 23:33:37.794475,jdoe_dev,10.192.195.157,LOGIN,ERROR,Linux_Nix_Gateway,CHG42589
2026-03-09 23:52:37.794475,jdoe_dev,10.192.110.127,LOGIN,ERROR,BT_Application_Server,N/A
2026-03-10 00:02:37.794475,admin_vk,10.192.110.127,FILE_ACCESS,SUCCESS,windows_server_UIC,N/A
2026-03-10 00:07:37.794475,admin_vk,10.192.19.68,LOGIN,SUCCESS,windows_server_UIC,N/A
2026-03-10 00:13:37.794475,rsharam_hr,10.192.33.161,PASSWORD_RESET,SUCCESS,BT_Application_Server,N/A
2026-03-10 00:22:37.794475,jdoe_dev,10.192.110.127,LOGIN,ERROR,BT_Application_Server,N/A
2026-03-10 00:23:37.794475,admin_vk,10.192.149.118,LOGIN,SUCCESS,Linux_Nix_Gateway,N/A
2026-03-10 00:29:37.794475,jdoe_dev,10.192.163.22,LOGOUT,SUCCESS,Linux_Nix_Gateway,N/A
2026-03-10 01:07:37.794475,skumar_it,10.192.209.34,CONFIG_CHANGE,SUCCESS,Linux_Nix_Gateway,CHG88898
2026-03-10 01:14:37.794475,akhan_ops,10.192.155.82,LOGOUT,SUCCESS,BT_Application_Server,N/A
2026-03-10 01:26:37.794475,rsharam_hr, 99.99.99.99,LOGIN,SUCCESS,windows_server_UIC,N/A
2026-03-10 01:36:37.794475,admin_vk,10.192.163.22,FILE_ACCESS,SUCCESS,BT_Application_Server,N/A
2026-03-10 01:40:37.794475,admin_vk,10.192.149.118,LOGOUT,SUCCESS,windows_server_UIC,N/A
2026-03-10 01:50:37.794475,System_Automate,10.192.76.189,LOGOUT,SUCCESS,windows_server_UIC,N/A
2026-03-10 01:51:37.794475,admin_vk,10.192.58.96,DB_QUERY,SUCCESS,windows_server_UIC,N/A
2026-03-10 02:03:37.794475,System_Automate,10.192.19.68,PASSWORD_RESET,SUCCESS,BT_Application_Server,N/A
2026-03-10 02:15:37.794475,rsharam_hr,10.192.163.22,DB_QUERY,SUCCESS,windows_server_UIC,N/A
2026-03-10 02:31:37.794475,skumar_it,10.192.72.72,LOGOUT,ERROR,BT_Application_Server,N/A
2026-03-10 02:56:37.794475,akhan_ops,10.192.70.150,LOGOUT,SUCCESS,Linux_Nix_Gateway,N/A
2026-03-10 03:25:37.794475,System_Automate,10.192.72.72,DB_QUERY,SUCCESS,Linux_Nix_Gateway,N/A
2026-03-10 03:37:37.794475,admin_vk,10.192.155.82,FILE_ACCESS,SUCCESS,BT_Application_Server,N/A
2026-03-10 03:48:37.794475,akhan_ops,10.192.58.96,FILE_ACCESS,SUCCESS,windows_server_UIC,N/A
2026-03-10 03:48:37.794475,admin_vk,10.192.29.56,LOGOUT,SUCCESS,Linux_Nix_Gateway,N/A
2026-03-10 03:54:37.794475,rsharam_hr,10.192.44.200,DB_QUERY,SUCCESS,BT_Application_Server,N/A
2026-03-10 03:59:37.794475,akhan_ops,10.192.76.189,PASSWORD_RESET,SUCCESS,windows_server_UIC,N/A
2026-03-10 04:01:37.794475,akhan_ops,10.192.58.96,DB_QUERY,SUCCESS,windows_server_UIC,N/A
2026-03-10 04:02:37.794475,jdoe_dev,10.192.33.161,FILE_ACCESS,SUCCESS,BT_Application_Server,N/A
2026-03-10 04:06:37.794475,rsharam_hr,10.192.137.14,FILE_ACCESS,SUCCESS,Linux_Nix_Gateway,N/A
2026-03-10 04:11:37.794475,System_Automate,10.192.91.94,FILE_ACCESS,SUCCESS,Linux_Nix_Gateway,N/A
2026-03-10 04:38:37.794475,admin_vk,10.192.57.137,LOGIN,SUCCESS,BT_Application_Server,N/A
2026-03-10 04:44:37.794475,akhan_ops,10.192.29.56,LOGIN,ERROR,BT_Application_Server,N/A
2026-03-10 04:56:37.794475,skumar_it,10.192.57.137,FILE_ACCESS,SUCCESS,windows_server_UIC,N/A
2026-03-10 05:22:37.794475,rsharam_hr,10.192.195.157,CONFIG_CHANGE,SUCCESS,windows_server_UIC, No_Ticket_Found
2026-03-10 05:28:37.794475,akhan_ops,10.192.163.22,LOGOUT,SUCCESS,windows_server_UIC,N/A
2026-03-10 05:45:37.794475,skumar_it,10.192.149.118,CONFIG_CHANGE,SUCCESS,BT_Application_Server,CHG80946
2026-03-10 05:46:37.794475,skumar_it,10.192.137.14,DB_QUERY,ERROR,BT_Application_Server,N/A
2026-03-10 06:15:37.794475,jdoe_dev,10.192.58.96,DB_QUERY,ERROR,Linux_Nix_Gateway,N/A
2026-03-10 06:19:37.794475,rsharam_hr,10.192.114.137,PASSWORD_RESET,SUCCESS,Linux_Nix_Gateway,N/A
2026-03-10 06:26:37.794475,admin_vk,10.192.72.72,DB_QUERY,ERROR,windows_server_UIC,N/A
2026-03-10 06:27:37.794475,System_Automate,10.192.74.27,FILE_ACCESS,SUCCESS,BT_Application_Server,N/A
2026-03-10 06:36:37.794475,jdoe_dev,10.192.57.137,LOGIN,SUCCESS,Linux_Nix_Gateway,N/A
2026-03-10 06:41:37.794475,admin_vk,10.192.72.72,CONFIG_CHANGE,SUCCESS,windows_server_UIC,CHG79006
2026-03-10 06:51:37.794475,skumar_it,10.192.33.161,LOGOUT,SUCCESS,BT_Application_Server,N/A
2026-03-10 06:58:37.794475,rsharam_hr, 99.99.99.99,LOGIN,SUCCESS,Linux_Nix_Gateway,N/A
2026-03-10 07:00:37.794475,skumar_it,10.192.44.200,LOGIN,SUCCESS,Linux_Nix_Gateway,N/A
2026-03-10 07:08:37.794475,System_Automate,10.192.58.96,CONFIG_CHANGE,SUCCESS,windows_server_UIC, No_Ticket_Found
2026-03-10 07:17:37.794475,rsharam_hr,10.192.114.137,DB_QUERY,SUCCESS,Linux_Nix_Gateway,N/A
2026-03-10 07:30:37.794475,akhan_ops,10.192.70.150,LOGIN,SUCCESS,Linux_Nix_Gateway,N/A
2026-03-10 07:31:37.794475,rsharam_hr,10.192.137.14,FILE_ACCESS,SUCCESS,windows_server_UIC,N/A
2026-03-10 07:38:37.794475,akhan_ops,10.192.110.127,DB_QUERY,SUCCESS,Linux_Nix_Gateway,N/A
2026-03-10 07:58:37.794475,System_Automate,10.192.209.34,FILE_ACCESS,SUCCESS,BT_Application_Server,N/A
2026-03-10 08:01:37.794475,skumar_it,10.192.209.34,LOGIN,SUCCESS,Linux_Nix_Gateway,N/A
2026-03-10 08:12:37.794475,rsharam_hr,10.192.163.22,LOGIN,SUCCESS,windows_server_UIC,N/A
2026-03-10 08:14:37.794475,jdoe_dev,10.192.113.235,PASSWORD_RESET,SUCCESS,windows_server_UIC,N/A
2026-03-10 08:20:37.794475,jdoe_dev,10.192.149.118,CONFIG_CHANGE,ERROR,BT_Application_Server,CHG31645
2026-03-10 08:29:37.794475,jdoe_dev,10.192.113.235,LOGIN,ERROR,BT_Application_Server,N/A
2026-03-10 08:54:37.794475,akhan_ops,10.192.57.137,DB_QUERY,ERROR,Linux_Nix_Gateway,N/A
2026-03-10 08:55:37.794475,rsharam_hr,10.192.29.56,LOGIN,ERROR,windows_server_UIC,N/A
2026-03-10 08:55:37.794475,jdoe_dev,10.192.209.34,LOGOUT,SUCCESS,BT_Application_Server,N/A
2026-03-10 08:58:37.794475,System_Automate,10.192.19.68,PASSWORD_RESET,SUCCESS,BT_Application_Server,N/A
2026-03-10 09:00:37.794475,System_Automate,10.192.113.235,FILE_ACCESS,SUCCESS,BT_Application_Server,N/A
2026-03-10 09:31:37.794475,jdoe_dev,10.192.137.14,PASSWORD_RESET,SUCCESS,Linux_Nix_Gateway,N/A
2026-03-10 09:36:37.794475,akhan_ops,10.192.163.22,PASSWORD_RESET,SUCCESS,windows_server_UIC,N/A
2026-03-10 09:59:37.794475,skumar_it,10.192.74.27,FILE_ACCESS,SUCCESS,Linux_Nix_Gateway,N/A
2026-03-10 10:02:37.794475,admin_vk,10.192.113.235,LOGIN,SUCCESS,windows_server_UIC,N/A
2026-03-10 10:02:37.794475,akhan_ops,10.192.57.137,CONFIG_CHANGE,ERROR,Linux_Nix_Gateway, No_Ticket_Found
2026-03-10 10:06:37.794475,rsharam_hr,10.192.149.118,FILE_ACCESS,SUCCESS,windows_server_UIC,N/A
2026-03-10 10:17:37.794475,rsharam_hr,10.192.70.150,PASSWORD_RESET,SUCCESS,Linux_Nix_Gateway,N/A
2026-03-10 10:26:37.794475,akhan_ops,10.192.57.137,LOGIN,SUCCESS,BT_Application_Server,N/A
2026-03-10 10:35:37.794475,admin_vk,10.192.110.127,PASSWORD_RESET,SUCCESS,windows_server_UIC,N/A
2026-03-10 10:49:37.794475,jdoe_dev,10.192.58.96,PASSWORD_RESET,SUCCESS,BT_Application_Server,N/A
2026-03-10 10:49:37.794475,System_Automate,10.192.113.235,LOGOUT,SUCCESS,Linux_Nix_Gateway,N/A
2026-03-10 11:12:37.794475,akhan_ops,10.192.155.82,DB_QUERY,SUCCESS,BT_Application_Server,N/A
2026-03-10 11:14:37.794475,rsharam_hr,10.192.44.200,PASSWORD_RESET,SUCCESS,windows_server_UIC,N/A
2026-03-10 11:27:37.794475,jdoe_dev,10.192.113.235,CONFIG_CHANGE,SUCCESS,Linux_Nix_Gateway,CHG35684
2026-03-10 11:31:37.794475,skumar_it,10.192.113.235,LOGIN,ERROR,windows_server_UIC,N/A
2026-03-10 11:51:37.794475,akhan_ops,10.192.163.22,LOGOUT,SUCCESS,windows_server_UIC,N/A
2026-03-10 11:58:37.794475,System_Automate,10.192.195.157,FILE_ACCESS,SUCCESS,BT_Application_Server,N/A
2026-03-10 12:08:37.794475,skumar_it,10.192.114.137,FILE_ACCESS,SUCCESS,BT_Application_Server,N/A
2026-03-10 12:34:37.794475,rsharam_hr,10.192.70.150,LOGIN,SUCCESS,Linux_Nix_Gateway,N/A
2026-03-10 12:41:37.794475,rsharam_hr,10.192.163.22,PASSWORD_RESET,SUCCESS,windows_server_UIC,N/A
2026-03-10 13:04:37.794475,admin_vk,10.192.57.137,LOGIN,SUCCESS,Linux_Nix_Gateway,N/A
2026-03-10 13:28:37.794475,jdoe_dev,10.192.155.82,LOGIN,SUCCESS,windows_server_UIC,N/A
2026-03-10 13:35:37.794475,System_Automate,10.192.57.137,FILE_ACCESS,SUCCESS,BT_Application_Server,N/A
2026-03-10 14:00:37.794475,jdoe_dev,10.192.195.157,LOGIN,SUCCESS,BT_Application_Server,N/A
2026-03-10 14:11:37.794475,jdoe_dev,10.192.44.200,CONFIG_CHANGE,SUCCESS,Linux_Nix_Gateway,CHG98262
2026-03-10 14:21:37.794475,akhan_ops,10.192.33.161,LOGIN,SUCCESS,windows_server_UIC,N/A
2026-03-10 14:24:37.794475,akhan_ops,10.192.58.96,FILE_ACCESS,SUCCESS,Linux_Nix_Gateway,N/A
2026-03-10 14:27:37.794475,akhan_ops,10.192.137.14,FILE_ACCESS,SUCCESS,BT_Application_Server,N/A
2026-03-10 14:39:37.794475,System_Automate,10.192.19.68,FILE_ACCESS,SUCCESS,windows_server_UIC,N/A
2026-03-10 14:48:37.794475,akhan_ops,10.192.195.157,DB_QUERY,SUCCESS,windows_server_UIC,N/A
2026-03-10 14:51:37.794475,rsharam_hr,10.192.70.150,LOGOUT,SUCCESS,windows_server_UIC,N/A
2026-03-10 14:51:37.794475,admin_vk,10.192.149.118,CONFIG_CHANGE,SUCCESS,BT_Application_Server, No_Ticket_Found
2026-03-10 15:09:37.794475,skumar_it,10.192.114.137,CONFIG_CHANGE,SUCCESS,windows_server_UIC,CHG16068
2026-03-10 15:10:37.794475,skumar_it,10.192.91.94,DB_QUERY,SUCCESS,BT_Application_Server,N/A
2026-03-10 15:27:37.794475,akhan_ops,10.192.137.14,DB_QUERY,SUCCESS,windows_server_UIC,N/A
2026-03-10 15:51:37.794475,rsharam_hr,10.192.195.157,FILE_ACCESS,SUCCESS,BT_Application_Server,N/A
2026-03-10 15:53:37.794475,rsharam_hr,10.192.70.150,LOGOUT,SUCCESS,BT_Application_Server,N/A
2026-03-10 15:58:37.794475,admin_vk,10.192.57.137,CONFIG_CHANGE,SUCCESS,Linux_Nix_Gateway,CHG67906
2026-03-10 16:20:37.794475,System_Automate,10.192.44.200,LOGOUT,SUCCESS,windows_server_UIC,N/A
2026-03-10 16:20:37.794475,admin_vk,10.192.76.189,DB_QUERY,ERROR,windows_server_UIC,N/A
2026-03-10 16:28:37.794475,admin_vk,10.192.19.68,CONFIG_CHANGE,ERROR,Linux_Nix_Gateway, No_Ticket_Found
2026-03-10 16:39:37.794475,jdoe_dev,10.192.209.34,CONFIG_CHANGE,ERROR,windows_server_UIC,CHG91836
2026-03-10 16:46:37.794475,jdoe_dev,10.192.44.200,FILE_ACCESS,SUCCESS,windows_server_UIC,N/A
2026-03-10 16:46:37.794475,skumar_it,10.192.113.235,FILE_ACCESS,SUCCESS,BT_Application_Server,N/A
2026-03-10 16:48:37.794475,admin_vk,10.192.33.161,LOGIN,SUCCESS,windows_server_UIC,N/A
2026-03-10 16:59:37.794475,skumar_it,10.192.74.27,FILE_ACCESS,SUCCESS,windows_server_UIC,N/A
2026-03-10 17:29:37.794475,System_Automate,10.192.44.200,LOGOUT,SUCCESS,Linux_Nix_Gateway,N/A
2026-03-10 17:46:37.794475,skumar_it,10.192.137.14,PASSWORD_RESET,SUCCESS,BT_Application_Server,N/A
2026-03-10 17:50:37.794475,rsharam_hr,10.192.137.14,DB_QUERY,SUCCESS,BT_Application_Server,N/A
2026-03-10 17:54:37.794475,jdoe_dev,10.192.70.150,PASSWORD_RESET,SUCCESS,Linux_Nix_Gateway,N/A
2026-03-10 18:28:37.794475,skumar_it,10.192.155.82,PASSWORD_RESET,ERROR,windows_server_UIC,N/A
2026-03-10 18:38:37.794475,skumar_it,10.192.70.150,LOGOUT,SUCCESS,Linux_Nix_Gateway,N/A
2026-03-10 18:53:37.794475,rsharam_hr,10.192.155.82,DB_QUERY,SUCCESS,Linux_Nix_Gateway,N/A
2026-03-10 18:57:37.794475,System_Automate,10.192.44.200,LOGOUT,ERROR,windows_server_UIC,N/A
2026-03-10 18:59:37.794475,jdoe_dev,10.192.76.189,LOGOUT,SUCCESS,Linux_Nix_Gateway,N/A
2026-03-10 19:07:37.794475,akhan_ops,10.192.114.137,FILE_ACCESS,SUCCESS,Linux_Nix_Gateway,N/A
2026-03-10 19:12:37.794475,rsharam_hr,10.192.58.96,FILE_ACCESS,ERROR,BT_Application_Server,N/A
2026-03-10 19:16:37.794475,admin_vk,10.192.29.56,CONFIG_CHANGE,SUCCESS,windows_server_UIC, No_Ticket_Found
2026-03-10 19:32:37.794475,System_Automate,10.192.76.189,FILE_ACCESS,SUCCESS,BT_Application_Server,N/A
2026-03-10 19:37:37.794475,admin_vk,10.192.72.72,FILE_ACCESS,SUCCESS,windows_server_UIC,N/A
2026-03-10 19:40:37.794475,jdoe_dev,10.192.44.200,FILE_ACCESS,ERROR,BT_Application_Server,N/A
2026-03-10 19:40:37.794475,jdoe_dev,10.192.155.82,FILE_ACCESS,SUCCESS,BT_Application_Server,N/A
2026-03-10 19:48:37.794475,akhan_ops,10.192.155.82,FILE_ACCESS,SUCCESS,Linux_Nix_Gateway,N/A
2026-03-10 20:09:37.794475,System_Automate,10.192.58.96,DB_QUERY,SUCCESS,BT_Application_Server,N/A
2026-03-10 20:50:37.794475,admin_vk,10.192.19.68,CONFIG_CHANGE,SUCCESS,BT_Application_Server,CHG72396
2026-03-10 21:03:37.794475,admin_vk,10.192.209.34,PASSWORD_RESET,ERROR,BT_Application_Server,N/A
2026-03-10 21:09:37.794475,jdoe_dev,10.192.44.200,DB_QUERY,SUCCESS,Linux_Nix_Gateway,N/A
2026-03-10 21:10:37.794475,admin_vk,10.192.57.137,FILE_ACCESS,ERROR,windows_server_UIC,N/A
2026-03-10 21:19:37.794475,jdoe_dev,10.192.137.14,FILE_ACCESS,SUCCESS,Linux_Nix_Gateway,N/A
2026-03-10 21:21:37.794475,akhan_ops,10.192.113.235,DB_QUERY,SUCCESS,windows_server_UIC,N/A
2026-03-10 21:32:37.794475,jdoe_dev,10.192.113.235,CONFIG_CHANGE,SUCCESS,BT_Application_Server,CHG50561
2026-03-10 21:41:37.794475,System_Automate,10.192.70.150,DB_QUERY,SUCCESS,Linux_Nix_Gateway,N/A
2026-03-10 21:43:37.794475,rsharam_hr,10.192.110.127,FILE_ACCESS,SUCCESS,windows_server_UIC,N/A
2026-03-10 22:25:37.794475,admin_vk,10.192.19.68,LOGIN,ERROR,windows_server_UIC,N/A
2026-03-10 22:37:37.794475,rsharam_hr,10.192.91.94,LOGOUT,SUCCESS,BT_Application_Server,N/A
2026-03-10 22:50:37.794475,admin_vk,10.192.195.157,FILE_ACCESS,SUCCESS,BT_Application_Server,N/A
2026-03-10 23:09:37.794475,System_Automate,10.192.137.14,CONFIG_CHANGE,ERROR,windows_server_UIC, No_Ticket_Found
2026-03-10 23:12:37.794475,jdoe_dev,10.192.110.127,CONFIG_CHANGE,SUCCESS,windows_server_UIC,CHG95609
2026-03-10 23:23:37.794475,admin_vk,10.192.209.34,LOGOUT,SUCCESS,windows_server_UIC,N/A
2026-03-10 23:49:37.794475,admin_vk,10.192.91.94,LOGOUT,SUCCESS,BT_Application_Server,N/A
2026-03-11 00:03:37.794475,admin_vk,10.192.74.27,PASSWORD_RESET,SUCCESS,windows_server_UIC,N/A
2026-03-11 00:10:37.794475,admin_vk,10.192.57.137,CONFIG_CHANGE,SUCCESS,Linux_Nix_Gateway, No_Ticket_Found
2026-03-11 00:26:37.794475,jdoe_dev,10.192.29.56,LOGIN,ERROR,Linux_Nix_Gateway, No_Ticket_Found
2026-03-11 00:57:37.794475,admin_vk,10.192.76.189,LOGIN,SUCCESS,BT_Application_Server,N/A
2026-03-11 02:28:37.794475,skumar_it,10.192.72.72,LOGOUT,SUCCESS,windows_server_UIC,N/A
2026-03-11 02:30:37.794475,admin_vk,10.192.76.189,PASSWORD_RESET,SUCCESS,windows_server_UIC,N/A
2026-03-11 02:52:37.794475,admin_vk,10.192.58.96,LOGIN,ERROR,BT_Application_Server,N/A
2026-03-11 03:08:37.794475,akhan_ops,10.192.74.27,LOGIN,ERROR,BT_Application_Server,N/A
2026-03-11 03:09:37.794475,admin_vk,10.192.29.56,PASSWORD_RESET,SUCCESS,Linux_Nix_Gateway,N/A
2026-03-11 03:35:37.794475,rsharam_hr,10.192.91.94,LOGOUT,SUCCESS,BT_Application_Server,N/A
2026-03-11 03:46:37.794475,admin_vk,10.192.137.14,PASSWORD_RESET,ERROR,windows_server_UIC,N/A
2026-03-11 03:57:37.794475,skumar_it,10.192.72.72,LOGOUT,ERROR,BT_Application_Server,N/A
2026-03-11 04:04:37.794475,akhan_ops,10.192.70.150,CONFIG_CHANGE,SUCCESS,windows_server_UIC,CHG84981
2026-03-11 04:35:37.794475,admin_vk,10.192.110.127,FILE_ACCESS,SUCCESS,Linux_Nix_Gateway,N/A
2026-03-11 04:35:37.794475,rsharam_hr,10.192.163.22,CONFIG_CHANGE,SUCCESS,Linux_Nix_Gateway, No_Ticket_Found
2026-03-11 04:36:37.794475,admin_vk,10.192.76.189,LOGIN,SUCCESS,windows_server_UIC,N/A
2026-03-11 04:47:37.794475,admin_vk,10.192.74.27,LOGIN,SUCCESS,Linux_Nix_Gateway,N/A
2026-03-11 04:48:37.794475,rsharam_hr,10.192.163.22,PASSWORD_RESET,SUCCESS,windows_server_UIC,N/A
2026-03-11 05:12:37.794475,skumar_it,10.192.29.56,PASSWORD_RESET,SUCCESS,windows_server_UIC,N/A
2026-03-11 05:27:37.794475,rsharam_hr, 99.99.99.99,LOGIN,SUCCESS,BT_Application_Server,N/A
2026-03-11 06:07:37.794475,rsharam_hr,10.192.114.137,LOGOUT,SUCCESS,Linux_Nix_Gateway,N/A
2026-03-11 06:17:37.794475,System_Automate,10.192.113.235,LOGOUT,SUCCESS,Linux_Nix_Gateway,N/A
2026-03-11 06:23:37.794475,skumar_it,10.192.19.68,FILE_ACCESS,ERROR,windows_server_UIC,N/A
2026-03-11 06:24:37.794475,System_Automate,10.192.113.235,PASSWORD_RESET,SUCCESS,Linux_Nix_Gateway,N/A
2026-03-11 06:29:37.794475,System_Automate,10.192.114.137,CONFIG_CHANGE,SUCCESS,Linux_Nix_Gateway,CHG28589
2026-03-11 06:33:37.794475,skumar_it,10.192.19.68,LOGIN,SUCCESS,windows_server_UIC,N/A
2026-03-11 06:44:37.794475,System_Automate,10.192.70.150,LOGOUT,SUCCESS,windows_server_UIC,N/A
2026-03-11 06:56:37.794475,akhan_ops,10.192.74.27,DB_QUERY,SUCCESS,windows_server_UIC,N/A
2026-03-11 07:03:37.794475,akhan_ops,10.192.137.14,PASSWORD_RESET,SUCCESS,BT_Application_Server,N/A
2026-03-11 07:10:37.794475,admin_vk,10.192.70.150,LOGIN,SUCCESS,windows_server_UIC,N/A
2026-03-11 07:15:37.794475,skumar_it,10.192.209.34,DB_QUERY,SUCCESS,windows_server_UIC,N/A
2026-03-11 07:25:37.794475,akhan_ops,10.192.70.150,PASSWORD_RESET,SUCCESS,Linux_Nix_Gateway,N/A
2026-03-11 07:29:37.794475,admin_vk,10.192.209.34,LOGIN,SUCCESS,windows_server_UIC,N/A
2026-03-11 07:46:37.794475,jdoe_dev,10.192.72.72,CONFIG_CHANGE,SUCCESS,Linux_Nix_Gateway,CHG55819
2026-03-11 07:47:37.794475,admin_vk,10.192.33.161,PASSWORD_RESET,SUCCESS,BT_Application_Server,N/A
2026-03-11 08:19:37.794475,System_Automate,10.192.110.127,LOGOUT,ERROR,windows_server_UIC,N/A
2026-03-11 08:19:37.794475,skumar_it,10.192.58.96,CONFIG_CHANGE,SUCCESS,windows_server_UIC,CHG45716
2026-03-11 08:26:37.794475,skumar_it,10.192.137.14,FILE_ACCESS,SUCCESS,windows_server_UIC,N/A
2026-03-11 08:28:37.794475,rsharam_hr,10.192.57.137,LOGIN,SUCCESS,Linux_Nix_Gateway,N/A
2026-03-11 08:28:37.794475,admin_vk,10.192.137.14,LOGIN,ERROR,Linux_Nix_Gateway,N/A
2026-03-11 08:30:37.794475,System_Automate,10.192.72.72,DB_QUERY,SUCCESS,windows_server_UIC,N/A
2026-03-11 08:50:37.794475,skumar_it,10.192.57.137,PASSWORD_RESET,SUCCESS,Linux_Nix_Gateway,N/A
2026-03-11 08:52:37.794475,skumar_it,10.192.57.137,PASSWORD_RESET,ERROR,Linux_Nix_Gateway,N/A
2026-03-11 08:53:37.794475,jdoe_dev,10.192.44.200,CONFIG_CHANGE,SUCCESS,Linux_Nix_Gateway, No_Ticket_Found
2026-03-11 08:59:37.794475,rsharam_hr,10.192.149.118,PASSWORD_RESET,SUCCESS,windows_server_UIC,N/A
2026-03-11 09:01:37.794475,admin_vk,10.192.29.56,LOGIN,SUCCESS,Linux_Nix_Gateway,N/A
2026-03-11 09:24:37.794475,skumar_it,10.192.19.68,LOGIN,SUCCESS,Linux_Nix_Gateway,N/A
2026-03-11 09:27:37.794475,rsharam_hr,10.192.57.137,LOGOUT,ERROR,windows_server_UIC,N/A
2026-03-11 09:31:37.794475,akhan_ops,10.192.58.96,CONFIG_CHANGE,ERROR,BT_Application_Server,CHG89600
2026-03-11 09:33:37.794475,akhan_ops,10.192.155.82,DB_QUERY,SUCCESS,BT_Application_Server,N/A
2026-03-11 09:43:37.794475,System_Automate,10.192.19.68,LOGIN,ERROR,Linux_Nix_Gateway,N/A
2026-03-11 09:44:37.794475,System_Automate,10.192.33.161,LOGIN,ERROR,BT_Application_Server,N/A
2026-03-11 09:51:37.794475,akhan_ops,10.192.91.94,LOGIN,SUCCESS,BT_Application_Server,N/A
2026-03-11 10:20:37.794475,skumar_it,10.192.29.56,PASSWORD_RESET,SUCCESS,Linux_Nix_Gateway,N/A
2026-03-11 10:22:37.794475,akhan_ops,10.192.33.161,CONFIG_CHANGE,SUCCESS,Linux_Nix_Gateway, No_Ticket_Found
2026-03-11 10:35:37.794475,akhan_ops,10.192.74.27,LOGIN,SUCCESS,BT_Application_Server,N/A
2026-03-11 10:51:37.794475,rsharam_hr,10.192.33.161,LOGIN,SUCCESS,BT_Application_Server,N/A
2026-03-11 11:08:37.794475,jdoe_dev,10.192.72.72,LOGIN,SUCCESS,BT_Application_Server,N/A
2026-03-11 11:21:37.794475,rsharam_hr,10.192.70.150,DB_QUERY,ERROR,BT_Application_Server,N/A
2026-03-11 11:22:37.794475,jdoe_dev,10.192.76.189,LOGIN,ERROR,windows_server_UIC,CHG60845
2026-03-11 11:30:37.794475,jdoe_dev,10.192.137.14,DB_QUERY,SUCCESS,windows_server_UIC,N/A
2026-03-11 12:16:37.794475,akhan_ops,10.192.70.150,FILE_ACCESS,SUCCESS,Linux_Nix_Gateway,N/A
2026-03-11 12:20:37.794475,System_Automate,10.192.195.157,CONFIG_CHANGE,SUCCESS,BT_Application_Server, No_Ticket_Found
2026-03-11 12:23:37.794475,rsharam_hr,10.192.19.68,PASSWORD_RESET,SUCCESS,Linux_Nix_Gateway,N/A
2026-03-11 12:58:37.794475,admin_vk,10.192.155.82,FILE_ACCESS,SUCCESS,BT_Application_Server,N/A
2026-03-11 13:00:37.794475,System_Automate,10.192.209.34,LOGOUT,ERROR,Linux_Nix_Gateway,N/A
2026-03-11 13:20:37.794475,rsharam_hr,10.192.155.82,CONFIG_CHANGE,SUCCESS,windows_server_UIC, No_Ticket_Found
2026-03-11 13:21:37.794475,rsharam_hr,10.192.19.68,LOGIN,ERROR,BT_Application_Server,N/A
2026-03-11 13:33:37.794475,admin_vk,10.192.74.27,PASSWORD_RESET,SUCCESS,windows_server_UIC,N/A
2026-03-11 13:52:37.794475,jdoe_dev,10.192.19.68,LOGIN,ERROR,windows_server_UIC,N/A
2026-03-11 14:00:37.794475,System_Automate,10.192.114.137,PASSWORD_RESET,ERROR,Linux_Nix_Gateway,N/A
2026-03-11 14:04:37.794475,rsharam_hr,10.192.149.118,LOGIN,SUCCESS,windows_server_UIC,N/A
2026-03-11 14:19:37.794475,rsharam_hr,10.192.44.200,LOGIN,ERROR,windows_server_UIC,N/A
2026-03-11 14:21:37.794475,akhan_ops,10.192.113.235,DB_QUERY,SUCCESS,windows_server_UIC,N/A
2026-03-11 14:37:37.794475,akhan_ops,10.192.113.235,DB_QUERY,SUCCESS,Linux_Nix_Gateway,N/A
2026-03-11 15:05:37.794475,rsharam_hr,10.192.72.72,LOGOUT,ERROR,windows_server_UIC,N/A
2026-03-11 15:23:37.794475,akhan_ops,10.192.70.150,LOGIN,SUCCESS,BT_Application_Server,N/A
2026-03-11 15:29:37.794475,jdoe_dev,10.192.91.94,LOGIN,ERROR,Linux_Nix_Gateway,N/A
2026-03-11 15:37:37.794475,admin_vk,10.192.149.118,LOGIN,SUCCESS,Linux_Nix_Gateway,N/A
2026-03-11 15:51:37.794475,rsharam_hr,10.192.29.56,FILE_ACCESS,SUCCESS,BT_Application_Server,N/A
2026-03-11 16:53:37.794475,rsharam_hr,10.192.33.161,CONFIG_CHANGE,SUCCESS,BT_Application_Server, No_Ticket_Found
2026-03-11 17:05:37.794475,rsharam_hr,10.192.110.127,LOGIN,SUCCESS,Linux_Nix_Gateway,N/A
2026-03-11 17:15:37.794475,System_Automate,10.192.91.94,FILE_ACCESS,SUCCESS,BT_Application_Server,N/A
2026-03-11 17:20:37.794475,akhan_ops,10.192.149.118,LOGIN,SUCCESS,Linux_Nix_Gateway,N/A
2026-03-11 17:23:37.794475,akhan_ops,10.192.19.68,LOGOUT,ERROR,BT_Application_Server,N/A
2026-03-11 17:36:37.794475,admin_vk,10.192.19.68,PASSWORD_RESET,SUCCESS,Linux_Nix_Gateway,N/A
2026-03-11 17:38:37.794475,admin_vk,10.192.72.72,PASSWORD_RESET,SUCCESS,windows_server_UIC,N/A
2026-03-11 17:41:37.794475,System_Automate,10.192.155.82,FILE_ACCESS,SUCCESS,BT_Application_Server,N/A
2026-03-11 18:31:37.794475,skumar_it,10.192.113.235,LOGOUT,SUCCESS,BT_Application_Server,N/A
2026-03-11 19:24:37.794475,akhan_ops,10.192.163.22,DB_QUERY,ERROR,windows_server_UIC,N/A
2026-03-11 19:33:37.794475,rsharam_hr,10.192.70.150,DB_QUERY,SUCCESS,BT_Application_Server,N/A
2026-03-11 19:37:37.794475,rsharam_hr,10.192.113.235,CONFIG_CHANGE,SUCCESS,Linux_Nix_Gateway, No_Ticket_Found
2026-03-11 19:58:37.794475,skumar_it,10.192.149.118,FILE_ACCESS,SUCCESS,Linux_Nix_Gateway,N/A
2026-03-11 20:02:37.794475,System_Automate,10.192.110.127,FILE_ACCESS,SUCCESS,Linux_Nix_Gateway,N/A
2026-03-11 20:06:37.794475,admin_vk,10.192.33.161,LOGIN,SUCCESS,windows_server_UIC,N/A
2026-03-11 20:09:37.794475,akhan_ops,10.192.57.137,DB_QUERY,ERROR,Linux_Nix_Gateway,N/A
2026-03-11 20:10:37.794475,skumar_it,10.192.29.56,FILE_ACCESS,SUCCESS,windows_server_UIC,N/A
2026-03-11 20:25:37.794475,akhan_ops,10.192.58.96,FILE_ACCESS,SUCCESS,windows_server_UIC,N/A
2026-03-11 20:45:37.794475,akhan_ops,10.192.91.94,LOGIN,ERROR,Linux_Nix_Gateway,N/A
2026-03-11 20:46:37.794475,admin_vk,10.192.137.14,LOGIN,SUCCESS,BT_Application_Server,N/A
2026-03-11 20:54:37.794475,skumar_it,10.192.70.150,PASSWORD_RESET,SUCCESS,BT_Application_Server,N/A
2026-03-11 21:08:37.794475,admin_vk,10.192.44.200,LOGIN,SUCCESS,windows_server_UIC,N/A
2026-03-11 21:17:37.794475,rsharam_hr, 99.99.99.99,LOGIN,SUCCESS,BT_Application_Server,N/A
2026-03-11 21:17:37.794475,admin_vk,10.192.70.150,PASSWORD_RESET,SUCCESS,Linux_Nix_Gateway,N/A
2026-03-11 21:24:37.794475,skumar_it,10.192.209.34,DB_QUERY,SUCCESS,BT_Application_Server,N/A
2026-03-11 21:25:37.794475,admin_vk,10.192.149.118,CONFIG_CHANGE,SUCCESS,BT_Application_Server,CHG11438
2026-03-11 22:01:37.794475,akhan_ops,10.192.209.34,LOGOUT,SUCCESS,BT_Application_Server,N/A
2026-03-11 22:10:37.794475,admin_vk,10.192.114.137,DB_QUERY,SUCCESS,windows_server_UIC,N/A
2026-03-11 22:23:37.794475,System_Automate,10.192.70.150,LOGIN,ERROR,BT_Application_Server,N/A
2026-03-11 22:33:37.794475,System_Automate,10.192.155.82,DB_QUERY,SUCCESS,BT_Application_Server,N/A
2026-03-11 22:38:37.794475,rsharam_hr,10.192.57.137,DB_QUERY,SUCCESS,windows_server_UIC,N/A
2026-03-11 23:08:37.794475,akhan_ops,10.192.209.34,DB_QUERY,SUCCESS,windows_server_UIC,N/A
2026-03-11 23:31:37.794475,akhan_ops,10.192.149.118,DB_QUERY,ERROR,Linux_Nix_Gateway,N/A
2026-03-11 23:34:37.794475,rsharam_hr,10.192.113.235,CONFIG_CHANGE,SUCCESS,windows_server_UIC, No_Ticket_Found
2026-03-11 23:44:37.794475,rsharam_hr,10.192.19.68,LOGOUT,ERROR,BT_Application_Server,N/A
2026-03-12 00:00:37.794475,skumar_it,10.192.29.56,FILE_ACCESS,SUCCESS,Linux_Nix_Gateway,N/A
2026-03-12 00:18:37.794475,akhan_ops,10.192.209.34,LOGOUT,SUCCESS,BT_Application_Server,N/A
2026-03-12 00:30:37.794475,rsharam_hr,10.192.57.137,DB_QUERY,SUCCESS,windows_server_UIC,N/A
2026-03-12 00:34:37.794475,akhan_ops,10.192.74.27,PASSWORD_RESET,SUCCESS,windows_server_UIC,N/A
2026-03-12 00:37:37.794475,jdoe_dev,10.192.29.56,LOGIN,ERROR,windows_server_UIC,N/A
2026-03-12 00:37:37.794475,skumar_it,10.192.91.94,LOGIN,ERROR,BT_Application_Server,N/A
2026-03-12 00:42:37.794475,rsharam_hr,10.192.209.34,PASSWORD_RESET,SUCCESS,windows_server_UIC,N/A
2026-03-12 00:59:37.794475,System_Automate,10.192.91.94,PASSWORD_RESET,ERROR,windows_server_UIC,N/A
2026-03-12 01:03:37.794475,rsharam_hr,10.192.155.82,DB_QUERY,SUCCESS,BT_Application_Server,N/A
2026-03-12 01:11:37.794475,akhan_ops,10.192.72.72,FILE_ACCESS,SUCCESS,Linux_Nix_Gateway,N/A
2026-03-12 01:25:37.794475,admin_vk,10.192.149.118,PASSWORD_RESET,SUCCESS,BT_Application_Server,N/A
2026-03-12 01:28:37.794475,skumar_it,10.192.76.189,PASSWORD_RESET,ERROR,BT_Application_Server,N/A
2026-03-12 01:37:37.794475,akhan_ops,10.192.74.27,LOGIN,ERROR,BT_Application_Server,N/A
2026-03-12 01:41:37.794475,rsharam_hr,10.192.33.161,DB_QUERY,SUCCESS,BT_Application_Server,N/A
2026-03-12 02:02:37.794475,System_Automate,10.192.58.96,LOGIN,SUCCESS,Linux_Nix_Gateway,N/A
2026-03-12 02:08:37.794475,admin_vk,10.192.58.96,FILE_ACCESS,SUCCESS,Linux_Nix_Gateway,N/A
2026-03-12 02:18:37.794475,akhan_ops,10.192.155.82,LOGIN,SUCCESS,Linux_Nix_Gateway,N/A
2026-03-12 02:22:37.794475,rsharam_hr, 99.99.99.99,LOGIN,SUCCESS,Linux_Nix_Gateway,N/A
2026-03-12 03:06:37.794475,rsharam_hr,10.192.195.157,LOGOUT,ERROR,BT_Application_Server,N/A
2026-03-12 03:20:37.794475,jdoe_dev,10.192.137.14,PASSWORD_RESET,SUCCESS,Linux_Nix_Gateway,N/A
2026-03-12 03:23:37.794475,jdoe_dev,10.192.74.27,LOGIN,SUCCESS,windows_server_UIC,N/A
2026-03-12 03:25:37.794475,System_Automate,10.192.155.82,PASSWORD_RESET,ERROR,BT_Application_Server,N/A
2026-03-12 03:28:37.794475,jdoe_dev,10.192.114.137,LOGIN,ERROR,windows_server_UIC,N/A
2026-03-12 03:33:37.794475,skumar_it,10.192.58.96,DB_QUERY,SUCCESS,BT_Application_Server,N/A
2026-03-12 03:35:37.794475,akhan_ops,10.192.91.94,DB_QUERY,SUCCESS,windows_server_UIC,N/A
2026-03-12 03:42:37.794475,admin_vk,10.192.58.96,DB_QUERY,SUCCESS,windows_server_UIC,N/A
2026-03-12 03:42:37.794475,akhan_ops,10.192.33.161,DB_QUERY,ERROR,windows_server_UIC,N/A
2026-03-12 04:00:37.794475,skumar_it,10.192.76.189,FILE_ACCESS,SUCCESS,windows_server_UIC,N/A
2026-03-12 04:10:37.794475,rsharam_hr,10.192.58.96,FILE_ACCESS,ERROR,Linux_Nix_Gateway,N/A
2026-03-12 04:37:37.794475,skumar_it,10.192.76.189,CONFIG_CHANGE,SUCCESS,BT_Application_Server,CHG94335
2026-03-12 04:39:37.794475,skumar_it,10.192.19.68,LOGIN,SUCCESS,BT_Application_Server,N/A
2026-03-12 04:39:37.794475,System_Automate,10.192.33.161,FILE_ACCESS,SUCCESS,Linux_Nix_Gateway,N/A
2026-03-12 04:43:37.794475,jdoe_dev,10.192.114.137,CONFIG_CHANGE,SUCCESS,windows_server_UIC,CHG44949
2026-03-12 04:44:37.794475,jdoe_dev,10.192.209.34,DB_QUERY,ERROR,windows_server_UIC,N/A
2026-03-12 04:48:37.794475,admin_vk,10.192.57.137,CONFIG_CHANGE,ERROR,windows_server_UIC, No_Ticket_Found
2026-03-12 04:48:37.794475,jdoe_dev,10.192.113.235,LOGIN,SUCCESS,Linux_Nix_Gateway,N/A
2026-03-12 04:50:37.794475,admin_vk,10.192.195.157,PASSWORD_RESET,SUCCESS,BT_Application_Server,N/A
2026-03-12 04:53:37.794475,rsharam_hr, 99.99.99.99,LOGIN,SUCCESS,windows_server_UIC,N/A
2026-03-12 05:05:37.794475,skumar_it,10.192.74.27,LOGOUT,ERROR,BT_Application_Server,N/A
2026-03-12 05:07:37.794475,akhan_ops,10.192.163.22,LOGIN,SUCCESS,Linux_Nix_Gateway,N/A
2026-03-12 05:12:37.794475,rsharam_hr,10.192.70.150,CONFIG_CHANGE,SUCCESS,windows_server_UIC, No_Ticket_Found
2026-03-12 05:30:37.794475,admin_vk,10.192.163.22,LOGOUT,ERROR,windows_server_UIC,N/A
2026-03-12 05:49:37.794475,System_Automate,10.192.74.27,CONFIG_CHANGE,SUCCESS,BT_Application_Server,CHG74658
2026-03-12 05:55:37.794475,System_Automate,10.192.76.189,FILE_ACCESS,SUCCESS,windows_server_UIC,N/A
2026-03-12 05:57:37.794475,System_Automate,10.192.163.22,CONFIG_CHANGE,SUCCESS,BT_Application_Server,CHG77208
2026-03-12 06:10:37.794475,rsharam_hr,10.192.113.235,PASSWORD_RESET,SUCCESS,Linux_Nix_Gateway,N/A
2026-03-12 06:17:37.794475,jdoe_dev,10.192.155.82,PASSWORD_RESET,ERROR,BT_Application_Server,N/A
2026-03-12 06:21:37.794475,jdoe_dev,10.192.44.200,DB_QUERY,SUCCESS,BT_Application_Server,N/A
2026-03-12 06:30:37.794475,System_Automate,10.192.113.235,CONFIG_CHANGE,SUCCESS,BT_Application_Server,CHG10730
2026-03-12 06:38:37.794475,rsharam_hr,10.192.70.150,FILE_ACCESS,SUCCESS,Linux_Nix_Gateway,N/A
2026-03-12 07:04:37.794475,admin_vk,10.192.155.82,DB_QUERY,SUCCESS,BT_Application_Server,N/A
2026-03-12 07:27:37.794475,System_Automate,10.192.29.56,LOGOUT,SUCCESS,Linux_Nix_Gateway,N/A
2026-03-12 07:28:37.794475,jdoe_dev,10.192.113.235,LOGIN,SUCCESS,windows_server_UIC,N/A
2026-03-12 07:33:37.794475,akhan_ops,10.192.44.200,FILE_ACCESS,SUCCESS,windows_server_UIC,N/A
2026-03-12 07:33:37.794475,System_Automate,10.192.91.94,LOGIN,SUCCESS,Linux_Nix_Gateway,N/A
2026-03-12 08:00:37.794475,akhan_ops,10.192.70.150,DB_QUERY,SUCCESS,BT_Application_Server,N/A
2026-03-12 08:04:37.794475,System_Automate,10.192.195.157,CONFIG_CHANGE,SUCCESS,Linux_Nix_Gateway, No_Ticket_Found
2026-03-12 08:16:37.794475,akhan_ops,10.192.195.157,DB_QUERY,SUCCESS,Linux_Nix_Gateway,N/A
2026-03-12 08:17:37.794475,System_Automate,10.192.110.127,DB_QUERY,ERROR,BT_Application_Server,N/A
2026-03-12 08:33:37.794475,akhan_ops,10.192.72.72,PASSWORD_RESET,SUCCESS,BT_Application_Server,N/A
2026-03-12 08:42:37.794475,System_Automate,10.192.110.127,CONFIG_CHANGE,SUCCESS,BT_Application_Server, No_Ticket_Found
2026-03-12 08:44:37.794475,System_Automate,10.192.91.94,LOGIN,ERROR,windows_server_UIC,N/A
2026-03-12 08:44:37.794475,skumar_it,10.192.44.200,CONFIG_CHANGE,SUCCESS,BT_Application_Server,CHG67947
2026-03-12 08:52:37.794475,rsharam_hr,10.192.149.118,DB_QUERY,SUCCESS,BT_Application_Server,N/A
2026-03-12 08:55:37.794475,admin_vk,10.192.19.68,CONFIG_CHANGE,SUCCESS,BT_Application_Server,CHG18204
2026-03-12 09:03:37.794475,skumar_it,10.192.155.82,DB_QUERY,SUCCESS,Linux_Nix_Gateway,N/A
2026-03-12 09:06:37.794475,System_Automate,10.192.91.94,FILE_ACCESS,SUCCESS,Linux_Nix_Gateway,N/A
2026-03-12 09:10:37.794475,admin_vk,10.192.57.137,PASSWORD_RESET,SUCCESS,BT_Application_Server,N/A
2026-03-12 09:22:37.794475,System_Automate,10.192.209.34,CONFIG_CHANGE,SUCCESS,Linux_Nix_Gateway,CHG83977
2026-03-12 09:29:37.794475,akhan_ops,10.192.113.235,LOGOUT,SUCCESS,BT_Application_Server,N/A
2026-03-12 09:35:37.794475,jdoe_dev,10.192.29.56,LOGIN,ERROR,Linux_Nix_Gateway,N/A
2026-03-12 09:39:37.794475,admin_vk,10.192.33.161,LOGIN,SUCCESS,BT_Application_Server,N/A
2026-03-12 09:45:37.794475,admin_vk,10.192.72.72,LOGIN,ERROR,windows_server_UIC,N/A
2026-03-12 10:08:37.794475,System_Automate,10.192.114.137,FILE_ACCESS,SUCCESS,BT_Application_Server,N/A
2026-03-12 10:23:37.794475,akhan_ops,10.192.19.68,LOGIN,SUCCESS,BT_Application_Server,N/A
2026-03-12 10:33:37.794475,admin_vk,10.192.70.150,CONFIG_CHANGE,SUCCESS,windows_server_UIC, No_Ticket_Found
2026-03-12 10:42:37.794475,admin_vk,10.192.58.96,CONFIG_CHANGE,SUCCESS,windows_server_UIC,CHG69929
2026-03-12 10:45:37.794475,rsharam_hr,10.192.70.150,LOGOUT,SUCCESS,windows_server_UIC,N/A
2026-03-12 10:56:37.794475,rsharam_hr,10.192.137.14,LOGOUT,SUCCESS,BT_Application_Server,N/A
2026-03-12 10:59:37.794475,skumar_it,10.192.72.72,LOGIN,SUCCESS,BT_Application_Server,N/A
2026-03-12 11:10:37.794475,rsharam_hr,10.192.19.68,LOGOUT,SUCCESS,Linux_Nix_Gateway,N/A
2026-03-12 11:25:37.794475,System_Automate,10.192.114.137,LOGOUT,SUCCESS,BT_Application_Server,N/A
2026-03-12 11:29:37.794475,rsharam_hr,10.192.195.157,LOGIN,SUCCESS,Linux_Nix_Gateway,N/A
2026-03-12 11:34:37.794475,skumar_it,10.192.195.157,FILE_ACCESS,SUCCESS,windows_server_UIC,N/A
2026-03-12 11:44:37.794475,jdoe_dev,10.192.72.72,LOGIN,ERROR,windows_server_UIC,N/A
2026-03-12 11:55:37.794475,System_Automate,10.192.195.157,DB_QUERY,SUCCESS,windows_server_UIC,N/A
2026-03-12 12:25:37.794475,akhan_ops,10.192.114.137,DB_QUERY,SUCCESS,Linux_Nix_Gateway,N/A
2026-03-12 12:26:37.794475,jdoe_dev,10.192.33.161,PASSWORD_RESET,SUCCESS,BT_Application_Server,N/A
2026-03-12 12:35:37.794475,jdoe_dev,10.192.44.200,LOGIN,ERROR,BT_Application_Server, No_Ticket_Found
2026-03-12 12:35:37.794475,admin_vk,10.192.44.200,LOGIN,SUCCESS,windows_server_UIC,N/A
2026-03-12 12:37:37.794475,rsharam_hr,10.192.70.150,FILE_ACCESS,SUCCESS,windows_server_UIC,N/A
2026-03-12 12:43:37.794475,admin_vk,10.192.72.72,FILE_ACCESS,ERROR,Linux_Nix_Gateway,N/A
2026-03-12 12:56:37.794475,akhan_ops,10.192.29.56,CONFIG_CHANGE,SUCCESS,BT_Application_Server, No_Ticket_Found
2026-03-12 13:13:37.794475,System_Automate,10.192.76.189,FILE_ACCESS,SUCCESS,Linux_Nix_Gateway,N/A
2026-03-12 13:15:37.794475,rsharam_hr,10.192.29.56,LOGIN,SUCCESS,Linux_Nix_Gateway,N/A
2026-03-12 13:16:37.794475,admin_vk,10.192.149.118,DB_QUERY,SUCCESS,BT_Application_Server,N/A
2026-03-12 13:22:37.794475,System_Automate,10.192.195.157,FILE_ACCESS,SUCCESS,Linux_Nix_Gateway,N/A
2026-03-12 13:22:37.794475,akhan_ops,10.192.113.235,LOGOUT,ERROR,Linux_Nix_Gateway,N/A
2026-03-12 13:28:37.794475,rsharam_hr,10.192.149.118,FILE_ACCESS,ERROR,BT_Application_Server,N/A
2026-03-12 13:43:37.794475,skumar_it,10.192.155.82,CONFIG_CHANGE,SUCCESS,BT_Application_Server,CHG43345
2026-03-12 14:42:37.794475,System_Automate,10.192.149.118,LOGIN,ERROR,windows_server_UIC,N/A
2026-03-12 14:48:37.794475,System_Automate,10.192.57.137,LOGIN,SUCCESS,BT_Application_Server,N/A
2026-03-12 15:12:37.794475,akhan_ops,10.192.44.200,LOGIN,ERROR,windows_server_UIC,N/A
2026-03-12 15:14:37.794475,rsharam_hr,10.192.57.137,LOGIN,SUCCESS,Linux_Nix_Gateway,N/A
2026-03-12 15:18:37.794475,rsharam_hr,10.192.113.235,DB_QUERY,SUCCESS,Linux_Nix_Gateway,N/A
2026-03-12 15:24:37.794475,System_Automate,10.192.114.137,LOGIN,ERROR,BT_Application_Server,N/A
2026-03-12 15:42:37.794475,jdoe_dev,10.192.19.68,DB_QUERY,SUCCESS,windows_server_UIC,N/A
2026-03-12 15:46:37.794475,System_Automate,10.192.33.161,LOGOUT,SUCCESS,BT_Application_Server,N/A
2026-03-12 16:10:37.794475,rsharam_hr,10.192.195.157,PASSWORD_RESET,SUCCESS,windows_server_UIC,N/A
2026-03-12 16:11:37.794475,jdoe_dev,10.192.149.118,LOGIN,SUCCESS,BT_Application_Server,N/A
2026-03-12 16:20:37.794475,akhan_ops,10.192.44.200,FILE_ACCESS,SUCCESS,windows_server_UIC,N/A
2026-03-12 16:40:37.794475,akhan_ops,10.192.29.56,FILE_ACCESS,SUCCESS,BT_Application_Server,N/A
2026-03-12 16:41:37.794475,admin_vk,10.192.74.27,FILE_ACCESS,SUCCESS,Linux_Nix_Gateway,N/A
2026-03-12 17:04:37.794475,akhan_ops,10.192.44.200,CONFIG_CHANGE,SUCCESS,BT_Application_Server, No_Ticket_Found
2026-03-12 17:21:37.794475,jdoe_dev,10.192.57.137,LOGIN,ERROR,BT_Application_Server,N/A
2026-03-12 17:29:37.794475,admin_vk,10.192.72.72,FILE_ACCESS,ERROR,BT_Application_Server,N/A
2026-03-12 17:42:37.794475,skumar_it,10.192.58.96,FILE_ACCESS,ERROR,BT_Application_Server,N/A
2026-03-12 18:32:37.794475,rsharam_hr,10.192.76.189,CONFIG_CHANGE,ERROR,windows_server_UIC,CHG18135
2026-03-12 18:35:37.794475,skumar_it,10.192.76.189,PASSWORD_RESET,SUCCESS,BT_Application_Server,N/A
2026-03-12 18:38:37.794475,admin_vk,10.192.70.150,PASSWORD_RESET,SUCCESS,windows_server_UIC,N/A
2026-03-12 18:39:37.794475,skumar_it,10.192.19.68,DB_QUERY,SUCCESS,BT_Application_Server,N/A
2026-03-12 18:43:37.794475,akhan_ops,10.192.209.34,DB_QUERY,SUCCESS,BT_Application_Server,N/A
2026-03-12 18:44:37.794475,jdoe_dev,10.192.209.34,LOGOUT,SUCCESS,Linux_Nix_Gateway,N/A
2026-03-12 18:44:37.794475,admin_vk,10.192.91.94,PASSWORD_RESET,SUCCESS,windows_server_UIC,N/A
2026-03-12 18:46:37.794475,jdoe_dev,10.192.29.56,FILE_ACCESS,SUCCESS,Linux_Nix_Gateway,N/A
2026-03-12 19:02:37.794475,admin_vk,10.192.76.189,DB_QUERY,SUCCESS,Linux_Nix_Gateway,N/A
2026-03-12 19:16:37.794475,rsharam_hr,10.192.19.68,FILE_ACCESS,SUCCESS,BT_Application_Server,N/A
2026-03-12 19:16:37.794475,admin_vk,10.192.113.235,LOGOUT,SUCCESS,BT_Application_Server,N/A
2026-03-12 19:20:37.794475,System_Automate,10.192.74.27,LOGIN,SUCCESS,BT_Application_Server,N/A
2026-03-12 19:22:37.794475,jdoe_dev,10.192.113.235,LOGOUT,SUCCESS,Linux_Nix_Gateway,N/A
2026-03-12 19:42:37.794475,admin_vk,10.192.114.137,DB_QUERY,SUCCESS,BT_Application_Server,N/A
2026-03-12 19:45:37.794475,admin_vk,10.192.33.161,CONFIG_CHANGE,ERROR,Linux_Nix_Gateway, No_Ticket_Found
2026-03-12 19:48:37.794475,jdoe_dev,10.192.91.94,LOGIN,ERROR,Linux_Nix_Gateway,N/A
2026-03-12 20:05:37.794475,skumar_it,10.192.70.150,LOGIN,SUCCESS,BT_Application_Server,N/A
2026-03-12 20:24:37.794475,skumar_it,10.192.44.200,DB_QUERY,SUCCESS,BT_Application_Server,N/A
2026-03-12 20:44:37.794475,admin_vk,10.192.113.235,DB_QUERY,SUCCESS,BT_Application_Server,N/A
2026-03-12 20:45:37.794475,admin_vk,10.192.72.72,DB_QUERY,SUCCESS,windows_server_UIC,N/A
2026-03-12 20:47:37.794475,System_Automate,10.192.163.22,LOGOUT,SUCCESS,windows_server_UIC,N/A
2026-03-12 21:04:37.794475,System_Automate,10.192.33.161,PASSWORD_RESET,SUCCESS,Linux_Nix_Gateway,N/A
2026-03-12 21:12:37.794475,skumar_it,10.192.137.14,LOGOUT,SUCCESS,Linux_Nix_Gateway,N/A
2026-03-12 21:20:37.794475,System_Automate,10.192.163.22,LOGOUT,SUCCESS,BT_Application_Server,N/A
2026-03-12 21:28:37.794475,rsharam_hr,10.192.57.137,FILE_ACCESS,SUCCESS,windows_server_UIC,N/A
2026-03-12 21:37:37.794475,akhan_ops,10.192.137.14,LOGIN,ERROR,BT_Application_Server,N/A
2026-03-12 21:45:37.794475,jdoe_dev,10.192.76.189,LOGIN,SUCCESS,windows_server_UIC,N/A
2026-03-12 22:09:37.794475,admin_vk,10.192.195.157,LOGOUT,SUCCESS,Linux_Nix_Gateway,N/A
2026-03-12 22:24:37.794475,jdoe_dev,10.192.209.34,DB_QUERY,ERROR,BT_Application_Server,N/A
2026-03-12 22:28:37.794475,System_Automate,10.192.72.72,CONFIG_CHANGE,SUCCESS,windows_server_UIC,CHG64218
2026-03-12 22:46:37.794475,admin_vk,10.192.19.68,LOGOUT,SUCCESS,BT_Application_Server,N/A
2026-03-12 23:01:37.794475,akhan_ops,10.192.29.56,DB_QUERY,SUCCESS,BT_Application_Server,N/A
2026-03-12 23:15:37.794475,akhan_ops,10.192.29.56,DB_QUERY,SUCCESS,windows_server_UIC,N/A
2026-03-12 23:16:37.794475,skumar_it,10.192.33.161,PASSWORD_RESET,SUCCESS,Linux_Nix_Gateway,N/A
2026-03-12 23:23:37.794475,akhan_ops,10.192.58.96,LOGOUT,ERROR,Linux_Nix_Gateway,N/A
2026-03-12 23:27:37.794475,jdoe_dev,10.192.149.118,CONFIG_CHANGE,SUCCESS,Linux_Nix_Gateway, No_Ticket_Found
2026-03-13 00:20:37.794475,System_Automate,10.192.137.14,LOGOUT,SUCCESS,Linux_Nix_Gateway,N/A
2026-03-13 00:29:37.794475,System_Automate,10.192.44.200,LOGOUT,SUCCESS,windows_server_UIC,N/A
2026-03-13 00:50:37.794475,akhan_ops,10.192.195.157,FILE_ACCESS,ERROR,windows_server_UIC,N/A
2026-03-13 01:03:37.794475,System_Automate,10.192.149.118,FILE_ACCESS,SUCCESS,BT_Application_Server,N/A
2026-03-13 01:36:37.794475,rsharam_hr,10.192.70.150,DB_QUERY,SUCCESS,BT_Application_Server,N/A
2026-03-13 02:15:37.794475,skumar_it,10.192.57.137,LOGOUT,SUCCESS,windows_server_UIC,N/A
2026-03-13 02:17:37.794475,rsharam_hr,10.192.137.14,DB_QUERY,ERROR,windows_server_UIC,N/A
2026-03-13 02:25:37.794475,System_Automate,10.192.163.22,FILE_ACCESS,SUCCESS,windows_server_UIC,N/A
2026-03-13 02:26:37.794475,jdoe_dev,10.192.74.27,LOGIN,SUCCESS,BT_Application_Server,N/A
2026-03-13 02:31:37.794475,rsharam_hr,10.192.209.34,CONFIG_CHANGE,SUCCESS,windows_server_UIC,CHG92851
2026-03-13 02:33:37.794475,rsharam_hr,10.192.44.200,FILE_ACCESS,SUCCESS,Linux_Nix_Gateway,N/A
2026-03-13 02:43:37.794475,System_Automate,10.192.91.94,CONFIG_CHANGE,SUCCESS,windows_server_UIC, No_Ticket_Found
2026-03-13 02:48:37.794475,jdoe_dev,10.192.137.14,LOGOUT,SUCCESS,BT_Application_Server,N/A
2026-03-13 03:05:37.794475,akhan_ops,10.192.163.22,PASSWORD_RESET,SUCCESS,windows_server_UIC,N/A
2026-03-13 03:07:37.794475,skumar_it,10.192.76.189,LOGOUT,SUCCESS,windows_server_UIC,N/A
2026-03-13 03:13:37.794475,rsharam_hr,10.192.209.34,DB_QUERY,SUCCESS,Linux_Nix_Gateway,N/A
2026-03-13 03:14:37.794475,jdoe_dev,10.192.209.34,DB_QUERY,SUCCESS,BT_Application_Server,N/A
2026-03-13 03:16:37.794475,jdoe_dev,10.192.58.96,FILE_ACCESS,SUCCESS,Linux_Nix_Gateway,N/A
2026-03-13 03:39:37.794475,skumar_it,10.192.72.72,CONFIG_CHANGE,ERROR,windows_server_UIC, No_Ticket_Found
2026-03-13 03:44:37.794475,rsharam_hr,10.192.44.200,LOGOUT,ERROR,BT_Application_Server,N/A
2026-03-13 03:45:37.794475,admin_vk,10.192.29.56,DB_QUERY,SUCCESS,BT_Application_Server,N/A
2026-03-13 03:47:37.794475,jdoe_dev,10.192.114.137,LOGIN,ERROR,Linux_Nix_Gateway,N/A
2026-03-13 03:50:37.794475,admin_vk,10.192.33.161,LOGIN,SUCCESS,windows_server_UIC,N/A
2026-03-13 03:55:37.794475,admin_vk,10.192.70.150,PASSWORD_RESET,SUCCESS,windows_server_UIC,N/A
2026-03-13 04:07:37.794475,rsharam_hr,10.192.19.68,LOGOUT,SUCCESS,Linux_Nix_Gateway,N/A
2026-03-13 04:10:37.794475,admin_vk,10.192.137.14,DB_QUERY,SUCCESS,Linux_Nix_Gateway,N/A
2026-03-13 04:33:37.794475,jdoe_dev,10.192.70.150,PASSWORD_RESET,SUCCESS,windows_server_UIC,N/A
2026-03-13 04:44:37.794475,skumar_it,10.192.137.14,LOGIN,SUCCESS,Linux_Nix_Gateway,N/A
2026-03-13 04:46:37.794475,jdoe_dev,10.192.19.68,LOGOUT,SUCCESS,BT_Application_Server,N/A
2026-03-13 04:46:37.794475,System_Automate,10.192.29.56,LOGOUT,SUCCESS,Linux_Nix_Gateway,N/A
2026-03-13 04:49:37.794475,akhan_ops,10.192.155.82,DB_QUERY,SUCCESS,Linux_Nix_Gateway,N/A
2026-03-13 04:55:37.794475,admin_vk,10.192.149.118,PASSWORD_RESET,SUCCESS,Linux_Nix_Gateway,N/A
2026-03-13 04:56:37.794475,System_Automate,10.192.114.137,LOGOUT,ERROR,Linux_Nix_Gateway,N/A
2026-03-13 05:19:37.794475,admin_vk,10.192.149.118,CONFIG_CHANGE,SUCCESS,BT_Application_Server, No_Ticket_Found
2026-03-13 05:59:37.794475,rsharam_hr, 99.99.99.99,LOGIN,SUCCESS,BT_Application_Server,N/A
2026-03-13 06:22:37.794475,System_Automate,10.192.76.189,DB_QUERY,SUCCESS,windows_server_UIC,N/A
2026-03-13 06:48:37.794475,System_Automate,10.192.155.82,FILE_ACCESS,ERROR,Linux_Nix_Gateway,N/A
2026-03-13 06:57:37.794475,skumar_it,10.192.110.127,CONFIG_CHANGE,SUCCESS,Linux_Nix_Gateway,CHG65902
2026-03-13 07:07:37.794475,System_Automate,10.192.209.34,CONFIG_CHANGE,SUCCESS,Linux_Nix_Gateway, No_Ticket_Found
2026-03-13 07:09:37.794475,System_Automate,10.192.19.68,DB_QUERY,SUCCESS,BT_Application_Server,N/A
2026-03-13 07:25:37.794475,System_Automate,10.192.76.189,LOGOUT,SUCCESS,windows_server_UIC,N/A
2026-03-13 07:55:37.794475,System_Automate,10.192.195.157,LOGOUT,ERROR,BT_Application_Server,N/A
2026-03-13 08:01:37.794475,jdoe_dev,10.192.72.72,CONFIG_CHANGE,SUCCESS,windows_server_UIC,CHG95963
2026-03-13 08:49:37.794475,akhan_ops,10.192.72.72,DB_QUERY,SUCCESS,BT_Application_Server,N/A
2026-03-13 09:14:37.794475,System_Automate,10.192.209.34,DB_QUERY,ERROR,BT_Application_Server,N/A
2026-03-13 09:33:37.794475,jdoe_dev,10.192.72.72,LOGOUT,ERROR,windows_server_UIC,N/A
2026-03-13 09:46:37.794475,System_Automate,10.192.76.189,CONFIG_CHANGE,SUCCESS,BT_Application_Server,CHG28177
2026-03-13 09:55:37.794475,admin_vk,10.192.114.137,FILE_ACCESS,ERROR,Linux_Nix_Gateway,N/A
2026-03-13 10:07:37.794475,admin_vk,10.192.195.157,DB_QUERY,ERROR,Linux_Nix_Gateway,N/A
2026-03-13 10:18:37.794475,skumar_it,10.192.209.34,DB_QUERY,SUCCESS,windows_server_UIC,N/A
2026-03-13 11:31:37.794475,rsharam_hr,10.192.19.68,DB_QUERY,SUCCESS,BT_Application_Server,N/A
2026-03-13 11:42:37.794475,jdoe_dev,10.192.114.137,LOGIN,ERROR,BT_Application_Server,N/A
2026-03-13 11:49:37.794475,akhan_ops,10.192.57.137,CONFIG_CHANGE,ERROR,BT_Application_Server,CHG50331
2026-03-13 11:55:37.794475,admin_vk,10.192.58.96,LOGIN,SUCCESS,Linux_Nix_Gateway,N/A
2026-03-13 12:00:37.794475,akhan_ops,10.192.195.157,LOGOUT,SUCCESS,windows_server_UIC,N/A
2026-03-13 12:20:37.794475,rsharam_hr,10.192.195.157,LOGIN,SUCCESS,BT_Application_Server,N/A
2026-03-13 12:35:37.794475,admin_vk,10.192.110.127,LOGIN,SUCCESS,windows_server_UIC,N/A
2026-03-13 12:41:37.794475,admin_vk,10.192.113.235,FILE_ACCESS,SUCCESS,Linux_Nix_Gateway,N/A
2026-03-13 12:55:37.794475,jdoe_dev,10.192.74.27,LOGOUT,SUCCESS,windows_server_UIC,N/A
2026-03-13 12:58:37.794475,System_Automate,10.192.114.137,LOGIN,ERROR,Linux_Nix_Gateway,N/A
2026-03-13 12:59:37.794475,skumar_it,10.192.74.27,CONFIG_CHANGE,SUCCESS,Linux_Nix_Gateway, No_Ticket_Found
2026-03-13 13:02:37.794475,System_Automate,10.192.114.137,PASSWORD_RESET,SUCCESS,windows_server_UIC,N/A
2026-03-13 13:43:37.794475,admin_vk,10.192.91.94,PASSWORD_RESET,SUCCESS,windows_server_UIC,N/A
2026-03-13 14:34:37.794475,rsharam_hr,10.192.72.72,FILE_ACCESS,SUCCESS,Linux_Nix_Gateway,N/A
2026-03-13 14:46:37.794475,rsharam_hr,10.192.209.34,CONFIG_CHANGE,SUCCESS,BT_Application_Server, No_Ticket_Found
2026-03-13 15:28:37.794475,akhan_ops,10.192.19.68,LOGOUT,SUCCESS,windows_server_UIC,N/A
2026-03-13 15:48:37.794475,rsharam_hr,10.192.137.14,FILE_ACCESS,SUCCESS,windows_server_UIC,N/A
2026-03-13 16:01:37.794475,System_Automate,10.192.155.82,DB_QUERY,ERROR,BT_Application_Server,N/A
2026-03-13 16:08:37.794475,akhan_ops,10.192.149.118,LOGIN,SUCCESS,Linux_Nix_Gateway,N/A
2026-03-13 16:13:37.794475,System_Automate,10.192.155.82,CONFIG_CHANGE,SUCCESS,BT_Application_Server, No_Ticket_Found
2026-03-13 16:31:37.794475,jdoe_dev,10.192.29.56,PASSWORD_RESET,ERROR,BT_Application_Server,N/A
2026-03-13 16:35:37.794475,skumar_it,10.192.57.137,DB_QUERY,SUCCESS,BT_Application_Server,N/A
2026-03-13 16:37:37.794475,rsharam_hr,10.192.72.72,LOGIN,SUCCESS,windows_server_UIC,N/A
2026-03-13 17:02:37.794475,skumar_it,10.192.110.127,LOGIN,SUCCESS,windows_server_UIC,N/A
2026-03-13 17:35:37.794475,akhan_ops,10.192.114.137,LOGOUT,ERROR,BT_Application_Server,N/A
2026-03-13 17:45:37.794475,admin_vk,10.192.72.72,CONFIG_CHANGE,SUCCESS,windows_server_UIC, No_Ticket_Found
2026-03-13 17:48:37.794475,rsharam_hr,10.192.70.150,PASSWORD_RESET,SUCCESS,BT_Application_Server,N/A
2026-03-13 17:52:37.794475,rsharam_hr,10.192.19.68,LOGIN,ERROR,Linux_Nix_Gateway,N/A
2026-03-13 17:54:37.794475,skumar_it,10.192.74.27,CONFIG_CHANGE,SUCCESS,Linux_Nix_Gateway,CHG32894
2026-03-13 18:15:37.794475,skumar_it,10.192.195.157,FILE_ACCESS,SUCCESS,Linux_Nix_Gateway,N/A
2026-03-13 18:28:37.794475,admin_vk,10.192.113.235,CONFIG_CHANGE,SUCCESS,windows_server_UIC, No_Ticket_Found
2026-03-13 18:55:37.794475,skumar_it,10.192.209.34,LOGOUT,SUCCESS,BT_Application_Server,N/A
2026-03-13 19:07:37.794475,admin_vk,10.192.58.96,LOGIN,SUCCESS,windows_server_UIC,N/A
2026-03-13 19:10:37.794475,akhan_ops,10.192.114.137,FILE_ACCESS,SUCCESS,windows_server_UIC,N/A
2026-03-13 20:14:37.794475,skumar_it,10.192.209.34,LOGOUT,SUCCESS,BT_Application_Server,N/A
2026-03-13 20:33:37.794475,rsharam_hr, 99.99.99.99,LOGIN,SUCCESS,windows_server_UIC,N/A
2026-03-13 20:35:37.794475,jdoe_dev,10.192.195.157,LOGIN,SUCCESS,BT_Application_Server,N/A
2026-03-13 20:55:37.794475,System_Automate,10.192.74.27,LOGIN,SUCCESS,windows_server_UIC,N/A
2026-03-13 21:07:37.794475,jdoe_dev,10.192.110.127,LOGIN,ERROR,BT_Application_Server,N/A
2026-03-13 21:19:37.794475,System_Automate,10.192.209.34,FILE_ACCESS,SUCCESS,windows_server_UIC,N/A
2026-03-13 21:20:37.794475,jdoe_dev,10.192.33.161,LOGIN,ERROR,BT_Application_Server,N/A
2026-03-13 21:36:37.794475,akhan_ops,10.192.163.22,LOGOUT,SUCCESS,Linux_Nix_Gateway,N/A
2026-03-13 21:44:37.794475,akhan_ops,10.192.19.68,PASSWORD_RESET,SUCCESS,Linux_Nix_Gateway,N/A
2026-03-13 22:03:37.794475,skumar_it,10.192.155.82,CONFIG_CHANGE,ERROR,Linux_Nix_Gateway,CHG89463
2026-03-13 22:20:37.794475,admin_vk,10.192.155.82,PASSWORD_RESET,SUCCESS,windows_server_UIC,N/A
2026-03-13 22:20:37.794475,admin_vk,10.192.149.118,LOGOUT,SUCCESS,Linux_Nix_Gateway,N/A
2026-03-13 22:21:37.794475,System_Automate,10.192.76.189,DB_QUERY,ERROR,Linux_Nix_Gateway,N/A
2026-03-13 22:30:37.794475,skumar_it,10.192.70.150,LOGIN,ERROR,Linux_Nix_Gateway,N/A
2026-03-13 22:54:37.794475,admin_vk,10.192.91.94,DB_QUERY,ERROR,Linux_Nix_Gateway,N/A
2026-03-13 23:06:37.794475,akhan_ops,10.192.74.27,FILE_ACCESS,SUCCESS,BT_Application_Server,N/A
2026-03-13 23:09:37.794475,jdoe_dev,10.192.57.137,CONFIG_CHANGE,ERROR,Linux_Nix_Gateway, No_Ticket_Found
2026-03-13 23:24:37.794475,akhan_ops,10.192.113.235,FILE_ACCESS,SUCCESS,BT_Application_Server,N/A
2026-03-13 23:55:37.794475,skumar_it,10.192.113.235,CONFIG_CHANGE,SUCCESS,Linux_Nix_Gateway, No_Ticket_Found
2026-03-14 00:51:37.794475,admin_vk,10.192.209.34,FILE_ACCESS,SUCCESS,windows_server_UIC,N/A
2026-03-14 01:24:37.794475,admin_vk,10.192.72.72,PASSWORD_RESET,SUCCESS,Linux_Nix_Gateway,N/A
2026-03-14 01:24:37.794475,skumar_it,10.192.110.127,FILE_ACCESS,SUCCESS,windows_server_UIC,N/A
2026-03-14 01:42:37.794475,System_Automate,10.192.163.22,PASSWORD_RESET,ERROR,windows_server_UIC,N/A
2026-03-14 01:54:37.794475,admin_vk,10.192.91.94,CONFIG_CHANGE,ERROR,windows_server_UIC, No_Ticket_Found
2026-03-14 02:02:37.794475,jdoe_dev,10.192.29.56,LOGOUT,SUCCESS,BT_Application_Server,N/A
2026-03-14 02:04:37.794475,System_Automate,10.192.19.68,DB_QUERY,SUCCESS,Linux_Nix_Gateway,N/A
2026-03-14 02:08:37.794475,skumar_it,10.192.72.72,LOGIN,SUCCESS,BT_Application_Server,N/A
2026-03-14 02:28:37.794475,System_Automate,10.192.110.127,FILE_ACCESS,SUCCESS,windows_server_UIC,N/A
2026-03-14 02:30:37.794475,admin_vk,10.192.209.34,LOGIN,SUCCESS,BT_Application_Server,N/A
2026-03-14 02:36:37.794475,System_Automate,10.192.195.157,LOGIN,SUCCESS,BT_Application_Server,N/A
2026-03-14 02:43:37.794475,skumar_it,10.192.29.56,CONFIG_CHANGE,ERROR,Linux_Nix_Gateway, No_Ticket_Found
2026-03-14 02:50:37.794475,skumar_it,10.192.19.68,LOGOUT,SUCCESS,Linux_Nix_Gateway,N/A
2026-03-14 02:53:37.794475,skumar_it,10.192.76.189,CONFIG_CHANGE,SUCCESS,Linux_Nix_Gateway, No_Ticket_Found
2026-03-14 03:10:37.794475,akhan_ops,10.192.137.14,DB_QUERY,ERROR,Linux_Nix_Gateway,N/A
2026-03-14 03:12:37.794475,skumar_it,10.192.76.189,LOGIN,SUCCESS,Linux_Nix_Gateway,N/A
2026-03-14 03:13:37.794475,rsharam_hr,10.192.44.200,LOGOUT,SUCCESS,Linux_Nix_Gateway,N/A
2026-03-14 03:22:37.794475,rsharam_hr,10.192.70.150,FILE_ACCESS,SUCCESS,BT_Application_Server,N/A
2026-03-14 03:29:37.794475,System_Automate,10.192.110.127,CONFIG_CHANGE,SUCCESS,BT_Application_Server,CHG43690
2026-03-14 03:48:37.794475,akhan_ops,10.192.114.137,PASSWORD_RESET,SUCCESS,windows_server_UIC,N/A
2026-03-14 04:02:37.794475,skumar_it,10.192.114.137,DB_QUERY,SUCCESS,BT_Application_Server,N/A
2026-03-14 04:25:37.794475,rsharam_hr,10.192.76.189,PASSWORD_RESET,ERROR,Linux_Nix_Gateway,N/A
2026-03-14 04:45:37.794475,jdoe_dev,10.192.58.96,FILE_ACCESS,SUCCESS,Linux_Nix_Gateway,N/A
2026-03-14 05:00:37.794475,System_Automate,10.192.155.82,LOGIN,SUCCESS,BT_Application_Server,N/A
2026-03-14 05:10:37.794475,akhan_ops,10.192.163.22,LOGIN,SUCCESS,Linux_Nix_Gateway,N/A
2026-03-14 05:20:37.794475,akhan_ops,10.192.91.94,CONFIG_CHANGE,SUCCESS,windows_server_UIC, No_Ticket_Found
2026-03-14 05:22:37.794475,akhan_ops,10.192.137.14,LOGOUT,SUCCESS,windows_server_UIC,N/A
2026-03-14 05:23:37.794475,rsharam_hr,10.192.29.56,FILE_ACCESS,SUCCESS,Linux_Nix_Gateway,N/A
2026-03-14 05:39:37.794475,admin_vk,10.192.29.56,LOGIN,SUCCESS,BT_Application_Server,N/A
2026-03-14 05:48:37.794475,skumar_it,10.192.44.200,PASSWORD_RESET,SUCCESS,BT_Application_Server,N/A
2026-03-14 05:53:37.794475,System_Automate,10.192.155.82,LOGOUT,ERROR,Linux_Nix_Gateway,N/A
2026-03-14 06:42:37.794475,admin_vk,10.192.70.150,CONFIG_CHANGE,SUCCESS,Linux_Nix_Gateway,CHG23992
2026-03-14 06:44:37.794475,skumar_it,10.192.110.127,DB_QUERY,SUCCESS,BT_Application_Server,N/A
2026-03-14 06:46:37.794475,admin_vk,10.192.114.137,LOGOUT,SUCCESS,windows_server_UIC,N/A
2026-03-14 06:55:37.794475,akhan_ops,10.192.155.82,DB_QUERY,SUCCESS,Linux_Nix_Gateway,N/A
2026-03-14 07:15:37.794475,jdoe_dev,10.192.155.82,LOGOUT,SUCCESS,windows_server_UIC,N/A
2026-03-14 07:29:37.794475,jdoe_dev,10.192.57.137,FILE_ACCESS,ERROR,BT_Application_Server,N/A
2026-03-14 07:42:37.794475,jdoe_dev,10.192.72.72,LOGIN,ERROR,BT_Application_Server,N/A
2026-03-14 08:15:37.794475,akhan_ops,10.192.70.150,CONFIG_CHANGE,SUCCESS,BT_Application_Server,CHG38213
2026-03-14 08:35:37.794475,System_Automate,10.192.209.34,FILE_ACCESS,SUCCESS,windows_server_UIC,N/A
2026-03-14 08:57:37.794475,admin_vk,10.192.70.150,LOGIN,SUCCESS,Linux_Nix_Gateway,N/A
2026-03-14 09:05:37.794475,jdoe_dev,10.192.33.161,PASSWORD_RESET,SUCCESS,windows_server_UIC,N/A
2026-03-14 09:39:37.794475,skumar_it,10.192.44.200,LOGOUT,ERROR,Linux_Nix_Gateway,N/A
2026-03-14 10:26:37.794475,skumar_it,10.192.113.235,LOGOUT,ERROR,BT_Application_Server,N/A
2026-03-14 10:26:37.794475,skumar_it,10.192.163.22,LOGIN,SUCCESS,Linux_Nix_Gateway,N/A
2026-03-14 10:42:37.794475,jdoe_dev,10.192.29.56,CONFIG_CHANGE,SUCCESS,BT_Application_Server, No_Ticket_Found
2026-03-14 10:44:37.794475,rsharam_hr,10.192.29.56,DB_QUERY,SUCCESS,windows_server_UIC,N/A
2026-03-14 10:52:37.794475,akhan_ops,10.192.110.127,LOGIN,SUCCESS,Linux_Nix_Gateway,N/A
2026-03-14 10:54:37.794475,System_Automate,10.192.44.200,CONFIG_CHANGE,SUCCESS,Linux_Nix_Gateway, No_Ticket_Found
2026-03-14 10:56:37.794475,skumar_it,10.192.29.56,FILE_ACCESS,SUCCESS,BT_Application_Server,N/A
2026-03-14 11:25:37.794475,akhan_ops,10.192.29.56,LOGIN,ERROR,BT_Application_Server,N/A
2026-03-14 11:26:37.794475,admin_vk,10.192.91.94,PASSWORD_RESET,SUCCESS,windows_server_UIC,N/A
2026-03-14 11:39:37.794475,skumar_it,10.192.19.68,LOGIN,SUCCESS,Linux_Nix_Gateway,N/A
2026-03-14 12:00:37.794475,skumar_it,10.192.70.150,LOGOUT,SUCCESS,windows_server_UIC,N/A
2026-03-14 12:05:37.794475,rsharam_hr,10.192.209.34,LOGIN,ERROR,windows_server_UIC,N/A
2026-03-14 12:08:37.794475,admin_vk,10.192.110.127,LOGOUT,SUCCESS,windows_server_UIC,N/A
2026-03-14 12:30:37.794475,jdoe_dev,10.192.57.137,LOGOUT,ERROR,Linux_Nix_Gateway,N/A
2026-03-14 12:30:37.794475,jdoe_dev,10.192.70.150,PASSWORD_RESET,SUCCESS,BT_Application_Server,N/A
2026-03-14 12:34:37.794475,jdoe_dev,10.192.74.27,LOGIN,SUCCESS,BT_Application_Server,N/A
2026-03-14 12:45:37.794475,rsharam_hr,10.192.155.82,PASSWORD_RESET,SUCCESS,windows_server_UIC,N/A
2026-03-14 12:59:37.794475,System_Automate,10.192.44.200,LOGOUT,SUCCESS,Linux_Nix_Gateway,N/A
2026-03-14 13:08:37.794475,rsharam_hr,10.192.91.94,CONFIG_CHANGE,ERROR,Linux_Nix_Gateway,CHG81843
2026-03-14 13:09:37.794475,System_Automate,10.192.57.137,CONFIG_CHANGE,SUCCESS,windows_server_UIC,CHG96662
2026-03-14 13:12:37.794475,rsharam_hr,10.192.19.68,CONFIG_CHANGE,SUCCESS,windows_server_UIC,CHG53637
2026-03-14 13:37:37.794475,admin_vk,10.192.33.161,PASSWORD_RESET,SUCCESS,BT_Application_Server,N/A
2026-03-14 13:46:37.794475,jdoe_dev,10.192.29.56,PASSWORD_RESET,ERROR,BT_Application_Server,N/A
2026-03-14 13:51:37.794475,akhan_ops,10.192.58.96,LOGOUT,SUCCESS,Linux_Nix_Gateway,N/A
2026-03-14 14:08:37.794475,System_Automate,10.192.57.137,LOGIN,ERROR,BT_Application_Server,N/A
2026-03-14 14:21:37.794475,System_Automate,10.192.44.200,LOGIN,SUCCESS,Linux_Nix_Gateway,N/A
2026-03-14 14:28:37.794475,akhan_ops,10.192.58.96,DB_QUERY,SUCCESS,Linux_Nix_Gateway,N/A
2026-03-14 14:39:37.794475,skumar_it,10.192.74.27,CONFIG_CHANGE,SUCCESS,windows_server_UIC, No_Ticket_Found
2026-03-14 14:50:37.794475,rsharam_hr,10.192.155.82,DB_QUERY,SUCCESS,BT_Application_Server,N/A
2026-03-14 14:51:37.794475,admin_vk,10.192.110.127,PASSWORD_RESET,ERROR,windows_server_UIC,N/A
2026-03-14 15:18:37.794475,akhan_ops,10.192.163.22,FILE_ACCESS,SUCCESS,BT_Application_Server,N/A
2026-03-14 15:58:37.794475,rsharam_hr,10.192.137.14,CONFIG_CHANGE,SUCCESS,windows_server_UIC, No_Ticket_Found
2026-03-14 16:28:37.794475,skumar_it,10.192.57.137,DB_QUERY,SUCCESS,Linux_Nix_Gateway,N/A
2026-03-14 16:29:37.794475,jdoe_dev,10.192.91.94,FILE_ACCESS,SUCCESS,BT_Application_Server,N/A
2026-03-14 16:38:37.794475,skumar_it,10.192.113.235,FILE_ACCESS,SUCCESS,windows_server_UIC,N/A
2026-03-14 16:40:37.794475,System_Automate,10.192.163.22,PASSWORD_RESET,SUCCESS,Linux_Nix_Gateway,N/A
2026-03-14 16:51:37.794475,akhan_ops,10.192.44.200,FILE_ACCESS,ERROR,windows_server_UIC,N/A
2026-03-14 17:00:37.794475,akhan_ops,10.192.57.137,LOGOUT,SUCCESS,windows_server_UIC,N/A
2026-03-14 17:08:37.794475,System_Automate,10.192.72.72,PASSWORD_RESET,SUCCESS,BT_Application_Server,N/A
2026-03-14 17:29:37.794475,System_Automate,10.192.44.200,DB_QUERY,ERROR,Linux_Nix_Gateway,N/A
2026-03-14 17:31:37.794475,akhan_ops,10.192.57.137,LOGIN,SUCCESS,Linux_Nix_Gateway,N/A
2026-03-14 17:46:37.794475,admin_vk,10.192.113.235,LOGIN,SUCCESS,BT_Application_Server,N/A
2026-03-14 17:57:37.794475,rsharam_hr,10.192.76.189,FILE_ACCESS,SUCCESS,BT_Application_Server,N/A
2026-03-14 18:15:37.794475,rsharam_hr,10.192.113.235,PASSWORD_RESET,SUCCESS,windows_server_UIC,N/A
2026-03-14 18:27:37.794475,rsharam_hr,10.192.29.56,LOGIN,SUCCESS,BT_Application_Server,N/A
2026-03-14 18:31:37.794475,rsharam_hr,10.192.44.200,FILE_ACCESS,SUCCESS,windows_server_UIC,N/A
2026-03-14 18:36:37.794475,jdoe_dev,10.192.114.137,DB_QUERY,SUCCESS,Linux_Nix_Gateway,N/A
2026-03-14 18:45:37.794475,skumar_it,10.192.209.34,CONFIG_CHANGE,SUCCESS,Linux_Nix_Gateway, No_Ticket_Found
2026-03-14 18:51:37.794475,skumar_it,10.192.33.161,DB_QUERY,ERROR,Linux_Nix_Gateway,N/A
2026-03-14 19:10:37.794475,jdoe_dev,10.192.44.200,PASSWORD_RESET,ERROR,Linux_Nix_Gateway,N/A
2026-03-14 19:16:37.794475,jdoe_dev,10.192.195.157,LOGIN,ERROR,Linux_Nix_Gateway,N/A
2026-03-14 19:17:37.794475,System_Automate,10.192.57.137,LOGOUT,ERROR,Linux_Nix_Gateway,N/A
2026-03-14 19:38:37.794475,admin_vk,10.192.57.137,PASSWORD_RESET,SUCCESS,windows_server_UIC,N/A
2026-03-14 19:44:37.794475,skumar_it,10.192.44.200,LOGIN,SUCCESS,BT_Application_Server,N/A
2026-03-14 19:51:37.794475,skumar_it,10.192.113.235,LOGIN,SUCCESS,windows_server_UIC,N/A
2026-03-14 19:52:37.794475,admin_vk,10.192.29.56,LOGOUT,SUCCESS,Linux_Nix_Gateway,N/A
2026-03-14 20:00:37.794475,rsharam_hr,10.192.137.14,PASSWORD_RESET,SUCCESS,BT_Application_Server,N/A
2026-03-14 20:01:37.794475,admin_vk,10.192.195.157,CONFIG_CHANGE,SUCCESS,BT_Application_Server,CHG43069
2026-03-14 20:20:37.794475,skumar_it,10.192.76.189,DB_QUERY,SUCCESS,BT_Application_Server,N/A
2026-03-14 20:22:37.794475,System_Automate,10.192.195.157,CONFIG_CHANGE,SUCCESS,windows_server_UIC,CHG54851
2026-03-14 20:35:37.794475,akhan_ops,10.192.76.189,LOGOUT,SUCCESS,windows_server_UIC,N/A
2026-03-14 20:55:37.794475,admin_vk,10.192.33.161,PASSWORD_RESET,ERROR,BT_Application_Server,N/A
2026-03-14 21:11:37.794475,akhan_ops,10.192.195.157,LOGOUT,SUCCESS,BT_Application_Server,N/A
2026-03-14 21:12:37.794475,skumar_it,10.192.209.34,LOGOUT,ERROR,Linux_Nix_Gateway,N/A
2026-03-14 21:27:37.794475,skumar_it,10.192.155.82,LOGIN,SUCCESS,BT_Application_Server,N/A
2026-03-14 21:27:37.794475,akhan_ops,10.192.155.82,CONFIG_CHANGE,SUCCESS,Linux_Nix_Gateway, No_Ticket_Found
2026-03-14 21:40:37.794475,jdoe_dev,10.192.58.96,DB_QUERY,ERROR,Linux_Nix_Gateway,N/A
2026-03-14 21:45:37.794475,skumar_it,10.192.72.72,PASSWORD_RESET,SUCCESS,Linux_Nix_Gateway,N/A
2026-03-14 21:45:37.794475,akhan_ops,10.192.137.14,LOGOUT,SUCCESS,Linux_Nix_Gateway,N/A
2026-03-14 21:57:37.794475,skumar_it,10.192.58.96,FILE_ACCESS,SUCCESS,BT_Application_Server,N/A
2026-03-14 22:31:37.794475,akhan_ops,10.192.113.235,FILE_ACCESS,SUCCESS,windows_server_UIC,N/A
2026-03-14 22:33:37.794475,System_Automate,10.192.29.56,CONFIG_CHANGE,SUCCESS,windows_server_UIC, No_Ticket_Found
2026-03-14 22:49:37.794475,rsharam_hr,10.192.29.56,PASSWORD_RESET,ERROR,BT_Application_Server,N/A
2026-03-14 23:01:37.794475,rsharam_hr,10.192.195.157,DB_QUERY,SUCCESS,Linux_Nix_Gateway,N/A
2026-03-14 23:05:37.794475,rsharam_hr, 99.99.99.99,LOGIN,SUCCESS,BT_Application_Server,N/A
2026-03-14 23:30:37.794475,akhan_ops,10.192.91.94,DB_QUERY,SUCCESS,windows_server_UIC,N/A
2026-03-14 23:41:37.794475,akhan_ops,10.192.58.96,DB_QUERY,SUCCESS,windows_server_UIC,N/A
2026-03-14 23:44:37.794475,jdoe_dev,10.192.19.68,LOGIN,SUCCESS,windows_server_UIC,N/A
2026-03-14 23:44:37.794475,admin_vk,10.192.149.118,CONFIG_CHANGE,SUCCESS,BT_Application_Server,CHG88204
2026-03-15 00:09:37.794475,admin_vk,10.192.91.94,LOGOUT,SUCCESS,Linux_Nix_Gateway,N/A
2026-03-15 00:09:37.794475,System_Automate,10.192.163.22,PASSWORD_RESET,SUCCESS,Linux_Nix_Gateway,N/A
2026-03-15 00:28:37.794475,admin_vk,10.192.72.72,FILE_ACCESS,SUCCESS,BT_Application_Server,N/A
2026-03-15 00:35:37.794475,System_Automate,10.192.70.150,LOGIN,ERROR,Linux_Nix_Gateway,N/A
2026-03-15 00:38:37.794475,System_Automate,10.192.91.94,LOGIN,SUCCESS,windows_server_UIC,N/A
2026-03-15 00:39:37.794475,skumar_it,10.192.155.82,PASSWORD_RESET,SUCCESS,BT_Application_Server,N/A
2026-03-15 00:44:37.794475,admin_vk,10.192.57.137,CONFIG_CHANGE,SUCCESS,Linux_Nix_Gateway, No_Ticket_Found
2026-03-15 01:05:37.794475,System_Automate,10.192.58.96,DB_QUERY,SUCCESS,windows_server_UIC,N/A
2026-03-15 01:13:37.794475,rsharam_hr,10.192.57.137,CONFIG_CHANGE,SUCCESS,windows_server_UIC, No_Ticket_Found
2026-03-15 01:25:37.794475,admin_vk,10.192.163.22,DB_QUERY,SUCCESS,windows_server_UIC,N/A
2026-03-15 01:25:37.794475,akhan_ops,10.192.195.157,LOGOUT,SUCCESS,windows_server_UIC,N/A
2026-03-15 01:26:37.794475,skumar_it,10.192.19.68,DB_QUERY,SUCCESS,windows_server_UIC,N/A
2026-03-15 01:49:37.794475,skumar_it,10.192.76.189,LOGIN,SUCCESS,windows_server_UIC,N/A
2026-03-15 01:54:37.794475,rsharam_hr,10.192.195.157,LOGOUT,SUCCESS,windows_server_UIC,N/A
2026-03-15 02:13:37.794475,rsharam_hr,10.192.163.22,CONFIG_CHANGE,SUCCESS,Linux_Nix_Gateway, No_Ticket_Found
2026-03-15 02:18:37.794475,rsharam_hr,10.192.110.127,FILE_ACCESS,SUCCESS,windows_server_UIC,N/A
2026-03-15 02:21:37.794475,System_Automate,10.192.76.189,CONFIG_CHANGE,SUCCESS,windows_server_UIC, No_Ticket_Found
2026-03-15 02:34:37.794475,akhan_ops,10.192.209.34,CONFIG_CHANGE,SUCCESS,windows_server_UIC,CHG65376
2026-03-15 02:40:37.794475,System_Automate,10.192.19.68,CONFIG_CHANGE,SUCCESS,Linux_Nix_Gateway,CHG49372
2026-03-15 02:45:37.794475,skumar_it,10.192.195.157,FILE_ACCESS,SUCCESS,windows_server_UIC,N/A
2026-03-15 03:13:37.794475,admin_vk,10.192.195.157,LOGOUT,ERROR,windows_server_UIC,N/A
2026-03-15 03:30:37.794475,admin_vk,10.192.33.161,PASSWORD_RESET,SUCCESS,Linux_Nix_Gateway,N/A
2026-03-15 03:59:37.794475,akhan_ops,10.192.137.14,LOGIN,SUCCESS,windows_server_UIC,N/A
2026-03-15 04:33:37.794475,akhan_ops,10.192.29.56,CONFIG_CHANGE,SUCCESS,windows_server_UIC,CHG17516
2026-03-15 04:34:37.794475,skumar_it,10.192.209.34,CONFIG_CHANGE,ERROR,Linux_Nix_Gateway,CHG13658
2026-03-15 04:35:37.794475,admin_vk,10.192.149.118,FILE_ACCESS,ERROR,BT_Application_Server,N/A
2026-03-15 04:42:37.794475,admin_vk,10.192.72.72,DB_QUERY,SUCCESS,windows_server_UIC,N/A
2026-03-15 04:44:37.794475,admin_vk,10.192.137.14,FILE_ACCESS,SUCCESS,Linux_Nix_Gateway,N/A
2026-03-15 04:47:37.794475,admin_vk,10.192.72.72,CONFIG_CHANGE,SUCCESS,windows_server_UIC,CHG24610
2026-03-15 04:57:37.794475,skumar_it,10.192.163.22,CONFIG_CHANGE,SUCCESS,windows_server_UIC,CHG87333
2026-03-15 05:00:37.794475,akhan_ops,10.192.155.82,FILE_ACCESS,SUCCESS,BT_Application_Server,N/A
2026-03-15 05:02:37.794475,jdoe_dev,10.192.44.200,FILE_ACCESS,SUCCESS,Linux_Nix_Gateway,N/A
2026-03-15 05:16:37.794475,akhan_ops,10.192.113.235,DB_QUERY,SUCCESS,windows_server_UIC,N/A
2026-03-15 05:41:37.794475,rsharam_hr,10.192.57.137,LOGOUT,SUCCESS,Linux_Nix_Gateway,N/A
2026-03-15 06:20:37.794475,skumar_it,10.192.19.68,DB_QUERY,SUCCESS,windows_server_UIC,N/A
2026-03-15 06:44:37.794475,admin_vk,10.192.72.72,PASSWORD_RESET,SUCCESS,BT_Application_Server,N/A
2026-03-15 07:08:37.794475,rsharam_hr,10.192.149.118,PASSWORD_RESET,SUCCESS,windows_server_UIC,N/A
2026-03-15 07:11:37.794475,admin_vk,10.192.74.27,CONFIG_CHANGE,SUCCESS,Linux_Nix_Gateway,CHG99315
2026-03-15 07:16:37.794475,akhan_ops,10.192.113.235,LOGOUT,SUCCESS,windows_server_UIC,N/A
2026-03-15 07:18:37.794475,jdoe_dev,10.192.29.56,PASSWORD_RESET,ERROR,BT_Application_Server,N/A
2026-03-15 07:19:37.794475,rsharam_hr,10.192.74.27,PASSWORD_RESET,ERROR,BT_Application_Server,N/A
2026-03-15 07:20:37.794475,rsharam_hr, 99.99.99.99,LOGIN,SUCCESS,Linux_Nix_Gateway,N/A
2026-03-15 07:58:37.794475,skumar_it,10.192.110.127,DB_QUERY,SUCCESS,windows_server_UIC,N/A
2026-03-15 08:00:37.794475,admin_vk,10.192.195.157,FILE_ACCESS,SUCCESS,Linux_Nix_Gateway,N/A
2026-03-15 08:56:37.794475,akhan_ops,10.192.19.68,CONFIG_CHANGE,SUCCESS,Linux_Nix_Gateway, No_Ticket_Found
2026-03-15 09:12:37.794475,jdoe_dev,10.192.19.68,LOGIN,SUCCESS,Linux_Nix_Gateway,N/A
2026-03-15 09:13:37.794475,admin_vk,10.192.19.68,LOGIN,SUCCESS,BT_Application_Server,N/A
2026-03-15 09:14:37.794475,rsharam_hr,10.192.137.14,LOGOUT,ERROR,BT_Application_Server,N/A
2026-03-15 09:30:37.794475,jdoe_dev,10.192.91.94,LOGIN,ERROR,windows_server_UIC, No_Ticket_Found
2026-03-15 09:35:37.794475,skumar_it,10.192.19.68,LOGIN,SUCCESS,BT_Application_Server,N/A
2026-03-15 09:37:37.794475,akhan_ops,10.192.19.68,LOGIN,SUCCESS,BT_Application_Server,N/A
2026-03-15 09:38:37.794475,akhan_ops,10.192.29.56,LOGIN,SUCCESS,Linux_Nix_Gateway,N/A
2026-03-15 09:53:37.794475,System_Automate,10.192.76.189,FILE_ACCESS,SUCCESS,Linux_Nix_Gateway,N/A
2026-03-15 09:58:37.794475,rsharam_hr,10.192.33.161,DB_QUERY,SUCCESS,windows_server_UIC,N/A
2026-03-15 10:13:37.794475,rsharam_hr,10.192.29.56,LOGIN,SUCCESS,windows_server_UIC,N/A
2026-03-15 10:23:37.794475,skumar_it,10.192.155.82,LOGOUT,SUCCESS,BT_Application_Server,N/A
2026-03-15 10:59:37.794475,jdoe_dev,10.192.76.189,DB_QUERY,SUCCESS,Linux_Nix_Gateway,N/A
2026-03-15 11:12:37.794475,admin_vk,10.192.163.22,PASSWORD_RESET,SUCCESS,windows_server_UIC,N/A
2026-03-15 11:28:37.794475,System_Automate,10.192.209.34,LOGIN,SUCCESS,BT_Application_Server,N/A
2026-03-15 11:32:37.794475,akhan_ops,10.192.137.14,LOGOUT,SUCCESS,windows_server_UIC,N/A
2026-03-15 11:54:37.794475,akhan_ops,10.192.76.189,FILE_ACCESS,ERROR,BT_Application_Server,N/A
2026-03-15 11:59:37.794475,akhan_ops,10.192.195.157,PASSWORD_RESET,SUCCESS,windows_server_UIC,N/A
2026-03-15 12:17:37.794475,rsharam_hr,10.192.209.34,LOGOUT,SUCCESS,Linux_Nix_Gateway,N/A
2026-03-15 12:40:37.794475,rsharam_hr,10.192.149.118,DB_QUERY,SUCCESS,BT_Application_Server,N/A
2026-03-15 13:11:37.794475,akhan_ops,10.192.72.72,LOGOUT,SUCCESS,windows_server_UIC,N/A
2026-03-15 13:16:37.794475,admin_vk,10.192.155.82,PASSWORD_RESET,SUCCESS,windows_server_UIC,N/A
2026-03-15 13:19:37.794475,System_Automate,10.192.163.22,FILE_ACCESS,SUCCESS,windows_server_UIC,N/A
2026-03-15 13:22:37.794475,rsharam_hr,10.192.209.34,DB_QUERY,SUCCESS,BT_Application_Server,N/A
2026-03-15 13:33:37.794475,admin_vk,10.192.70.150,FILE_ACCESS,SUCCESS,BT_Application_Server,N/A
2026-03-15 13:42:37.794475,System_Automate,10.192.113.235,LOGIN,SUCCESS,windows_server_UIC,N/A
2026-03-15 13:55:37.794475,jdoe_dev,10.192.155.82,FILE_ACCESS,SUCCESS,Linux_Nix_Gateway,N/A
2026-03-15 14:04:37.794475,System_Automate,10.192.113.235,DB_QUERY,SUCCESS,Linux_Nix_Gateway,N/A
2026-03-15 14:24:37.794475,rsharam_hr,10.192.76.189,DB_QUERY,SUCCESS,windows_server_UIC,N/A
2026-03-15 14:25:37.794475,System_Automate,10.192.114.137,PASSWORD_RESET,SUCCESS,BT_Application_Server,N/A
2026-03-15 14:35:37.794475,admin_vk,10.192.44.200,CONFIG_CHANGE,SUCCESS,BT_Application_Server,CHG93164
2026-03-15 15:04:37.794475,System_Automate,10.192.44.200,LOGIN,SUCCESS,BT_Application_Server,N/A
2026-03-15 15:12:37.794475,rsharam_hr,10.192.137.14,LOGIN,SUCCESS,BT_Application_Server,N/A
2026-03-15 15:16:37.794475,admin_vk,10.192.58.96,PASSWORD_RESET,SUCCESS,BT_Application_Server,N/A
2026-03-15 15:20:37.794475,rsharam_hr,10.192.70.150,FILE_ACCESS,SUCCESS,Linux_Nix_Gateway,N/A
2026-03-15 15:31:37.794475,jdoe_dev,10.192.110.127,CONFIG_CHANGE,SUCCESS,windows_server_UIC, No_Ticket_Found
2026-03-15 15:33:37.794475,skumar_it,10.192.33.161,DB_QUERY,SUCCESS,windows_server_UIC,N/A
2026-03-15 15:41:37.794475,akhan_ops,10.192.110.127,DB_QUERY,SUCCESS,windows_server_UIC,N/A
2026-03-15 15:43:37.794475,rsharam_hr,10.192.76.189,DB_QUERY,SUCCESS,Linux_Nix_Gateway,N/A
2026-03-15 15:55:37.794475,admin_vk,10.192.113.235,CONFIG_CHANGE,SUCCESS,Linux_Nix_Gateway, No_Ticket_Found
2026-03-15 15:56:37.794475,admin_vk,10.192.29.56,FILE_ACCESS,SUCCESS,windows_server_UIC,N/A
2026-03-15 16:00:37.794475,rsharam_hr,10.192.44.200,CONFIG_CHANGE,SUCCESS,windows_server_UIC,CHG28735
2026-03-15 16:20:37.794475,rsharam_hr,10.192.155.82,PASSWORD_RESET,SUCCESS,Linux_Nix_Gateway,N/A
2026-03-15 16:33:37.794475,skumar_it,10.192.33.161,DB_QUERY,SUCCESS,Linux_Nix_Gateway,N/A
2026-03-15 16:42:37.794475,skumar_it,10.192.155.82,DB_QUERY,SUCCESS,BT_Application_Server,N/A
2026-03-15 16:59:37.794475,admin_vk,10.192.110.127,LOGOUT,SUCCESS,windows_server_UIC,N/A
2026-03-15 17:00:37.794475,rsharam_hr,10.192.76.189,PASSWORD_RESET,SUCCESS,BT_Application_Server,N/A
2026-03-15 17:02:37.794475,admin_vk,10.192.76.189,DB_QUERY,SUCCESS,windows_server_UIC,N/A
2026-03-15 17:17:37.794475,skumar_it,10.192.74.27,PASSWORD_RESET,SUCCESS,BT_Application_Server,N/A
2026-03-15 17:19:37.794475,System_Automate,10.192.57.137,LOGOUT,SUCCESS,Linux_Nix_Gateway,N/A
2026-03-15 17:22:37.794475,rsharam_hr,10.192.195.157,DB_QUERY,SUCCESS,windows_server_UIC,N/A
2026-03-15 17:37:37.794475,admin_vk,10.192.74.27,FILE_ACCESS,SUCCESS,BT_Application_Server,N/A
2026-03-15 17:44:37.794475,jdoe_dev,10.192.72.72,LOGIN,ERROR,BT_Application_Server,N/A
2026-03-15 17:52:37.794475,akhan_ops,10.192.29.56,LOGOUT,SUCCESS,BT_Application_Server,N/A
2026-03-15 18:24:37.794475,jdoe_dev,10.192.33.161,LOGIN,ERROR,BT_Application_Server,N/A
2026-03-15 18:50:37.794475,admin_vk,10.192.72.72,PASSWORD_RESET,SUCCESS,windows_server_UIC,N/A
2026-03-15 18:58:37.794475,admin_vk,10.192.110.127,LOGOUT,SUCCESS,windows_server_UIC,N/A
2026-03-15 19:07:37.794475,System_Automate,10.192.72.72,DB_QUERY,SUCCESS,windows_server_UIC,N/A
2026-03-15 19:13:37.794475,jdoe_dev,10.192.19.68,FILE_ACCESS,SUCCESS,windows_server_UIC,N/A
2026-03-15 19:38:37.794475,admin_vk,10.192.195.157,FILE_ACCESS,SUCCESS,windows_server_UIC,N/A
2026-03-15 20:09:37.794475,skumar_it,10.192.209.34,LOGOUT,ERROR,Linux_Nix_Gateway,N/A
2026-03-15 20:25:37.794475,admin_vk,10.192.74.27,LOGOUT,SUCCESS,windows_server_UIC,N/A
2026-03-15 20:38:37.794475,skumar_it,10.192.29.56,FILE_ACCESS,SUCCESS,BT_Application_Server,N/A
2026-03-15 21:00:37.794475,akhan_ops,10.192.29.56,DB_QUERY,SUCCESS,Linux_Nix_Gateway,N/A
2026-03-15 21:07:37.794475,rsharam_hr,10.192.163.22,FILE_ACCESS,SUCCESS,Linux_Nix_Gateway,N/A
2026-03-15 21:32:37.794475,skumar_it,10.192.29.56,PASSWORD_RESET,SUCCESS,windows_server_UIC,N/A
2026-03-15 21:48:37.794475,admin_vk,10.192.74.27,PASSWORD_RESET,SUCCESS,windows_server_UIC,N/A
2026-03-15 21:56:37.794475,rsharam_hr, 99.99.99.99,LOGIN,SUCCESS,Linux_Nix_Gateway,N/A
2026-03-15 21:57:37.794475,akhan_ops,10.192.70.150,DB_QUERY,SUCCESS,windows_server_UIC,N/A
2026-03-15 21:58:37.794475,jdoe_dev,10.192.57.137,LOGIN,ERROR,BT_Application_Server,N/A
2026-03-15 22:32:37.794475,admin_vk,10.192.19.68,PASSWORD_RESET,SUCCESS,BT_Application_Server,N/A
2026-03-15 22:44:37.794475,System_Automate,10.192.44.200,LOGOUT,ERROR,BT_Application_Server,N/A
2026-03-15 23:00:37.794475,akhan_ops,10.192.195.157,DB_QUERY,SUCCESS,Linux_Nix_Gateway,N/A
2026-03-15 23:04:37.794475,System_Automate,10.192.29.56,LOGOUT,SUCCESS,BT_Application_Server,N/A
2026-03-15 23:06:37.794475,System_Automate,10.192.44.200,DB_QUERY,SUCCESS,Linux_Nix_Gateway,N/A
2026-03-15 23:23:37.794475,rsharam_hr, 99.99.99.99,LOGIN,SUCCESS,BT_Application_Server,N/A
2026-03-15 23:34:37.794475,akhan_ops,10.192.195.157,LOGIN,SUCCESS,Linux_Nix_Gateway,N/A
2026-03-15 23:48:37.794475,admin_vk,10.192.33.161,LOGOUT,SUCCESS,Linux_Nix_Gateway,N/A
2026-03-15 23:55:37.794475,System_Automate,10.192.113.235,PASSWORD_RESET,SUCCESS,Linux_Nix_Gateway,N/A
